公路里程（）,  新城区,  碑林区,  莲湖区,  灞桥区,  未央区,  雁塔区,  阎良区,  临潼区,  长安区,  蓝田县,  周至县,  户县,  高陵县,  王益区,  印台区,  耀州区,  宜君县,  渭滨区,  金台区,  陈仓区,  凤翔县,  岐山县,  扶风县,  眉县,  陇县,  千阳县,  麟游县,  凤县,  太白县,  秦都区,  渭城区,  三原县,  泾阳县,  乾县,  礼泉县,  永寿县,  彬县,  长武县,  旬邑县,  淳化县,  武功县,  兴平市,  临渭区,  华县,  潼关县,  大荔县,  合阳县,  澄城县,  蒲城县,  白水县,  富平县,  韩城市,  华阴市,  宝塔区,  延长县,  延川县,  子长县,  安塞县,  志丹县,  吴起县,  甘泉县,  富县,  洛川县,  宜川县,  黄龙县,  黄陵县,  汉台区,  南郑县,  城固县,  洋县,  西乡县,  勉县,  宁强县,  略阳县,  镇巴县,  留坝县,  佛坪县,  榆阳区,  神木县,  府谷县,  横山县,  靖边县,  定边县,  绥德县,  米脂县,  佳县,  吴堡县,  清涧县,  子洲县,  汉滨区,  汉阴县,  石泉县,  宁陕县,  紫阳县,  岚皋县,  平利县,  镇坪县,  旬阳县,  白河县,  商州区,  洛南县,  丹凤县,  商南县,  山阳县,  镇安县,  柞水县,  杨陵区
  新城区,0,5,3.2,11.1,7.1,7.6,71.6,40,15.1,49.6,80.6,43.2,50.3,107,113.2,86,151.3,178.5,179.8,158.4,163.6,141.2,114.7,124.3,250.1,208.7,165.2,419.5,192.1,32.3,30.2,53.5,54.5,81.9,63.7,103.3,148,184.7,164.6,95.5,79.8,53.5,70.8,97.8,150.8,129,189.7,176.1,125.5,151.5,80.9,230.2,129.9,312.4,384.3,393.8,406.9,350.5,407.9,479.9,283.8,249.6,209.6,316.3,223.7,180.3,267.5,277.2,238.3,214.2,289.7,304.8,360.7,371.7,376.8,347.1,196.4,579.2,679.6,766.6,534,458,576.7,478.4,510.6,639.7,536.9,417.3,509.1,352.3,292.9,259.4,158.3,398.5,421.7,424.5,539.1,405.1,509.2,129.5,151.6,173.3,232.8,185.4,124.5,81.5,41.4
  碑林区,5,0,4.9,16.3,8.6,2.6,66.6,35,10.1,44.6,75.6,38.2,45.3,102,108.2,81,146.3,173.5,174.8,153.4,158.6,136.2,109.7,119.3,245.1,203.7,160.2,414.5,187.1,27.3,25.2,48.5,49.5,76.9,58.7,98.3,143,179.7,159.6,90.5,74.8,48.5,65.8,92.8,145.8,124,184.7,171.1,120.5,146.5,75.9,225.2,124.9,307.4,379.3,388.8,401.9,345.5,402.9,474.9,278.8,244.6,204.6,311.3,218.7,175.3,262.5,272.2,233.3,209.2,284.7,299.8,355.7,366.7,371.8,342.1,191.4,574.2,674.6,761.6,529,453,571.7,473.4,505.6,634.7,531.9,412.3,504.1,347.3,287.9,254.4,153.3,393.5,416.7,419.5,534.1,400.1,504.2,124.5,146.6,168.3,227.8,180.4,119.5,76.5,36.4
  莲湖区,3.2,5.1,0,12,3.7,5.8,61.6,30,13.3,41,73.5,42.2,40.3,97.1,103.2,76,141.3,171.4,172.7,149.8,156.5,134.1,107.6,115.6,243,201.6,157.1,420.4,183.5,25.2,23.1,43.5,44.5,74.8,56.6,96.2,143.1,179.8,154,85.6,72.7,46.4,60.7,87.3,140.3,118.2,178.9,165.2,114.7,140.7,70.8,219.3,119.5,302.4,374.3,383.9,397,340.6,398,469.9,273.8,239.6,199.7,306.3,212.8,170.3,266.5,276.1,239.1,215,288.5,306.7,362.7,372.5,377.4,347.9,196.1,569.2,669.6,756.7,524,448,566.8,468.4,500.7,629.8,527,407.4,499.1,354.1,291.8,260.1,159,397.3,420.5,426.4,541,406.1,511,121,143,164.7,224.2,179.7,123,79.7,34.3
  灞桥区,11.1,15.8,12.1,0,13.8,15.6,53.5,19.8,23.4,29.6,84.9,54,32.7,106,112.2,85.3,150.3,182.9,184.2,161.2,167.9,145.5,119,127.1,254.4,213.1,169.5,431.3,194.9,36.8,35.6,52.8,54,86.2,68,107.7,158.1,194.8,163.5,95.1,84.1,57.8,50.6,77.2,130.2,108,170.5,155,106.6,132.6,62.3,211.1,109.3,311.6,383.3,392.8,406.2,349.8,407.2,479.1,282.8,248.5,208.6,315.3,204.7,179.3,278.8,288.5,250.3,225.5,300.9,316.5,372.7,383.4,389.4,358.8,208.2,578.2,678.8,765.9,532.9,457,576.5,477.4,509.9,640.5,535.9,416.4,508,364.9,305.6,272,169.5,411.8,434.3,437.2,551.7,416.9,508.3,109.6,131.6,153.3,212.9,165.4,123.6,82.4,45.8
  未央区,7.1,8.2,3.6,13.5,0,8.1,61.7,30,15.6,42.7,75.8,45.7,36.8,93.5,99.6,72.5,137.8,171.6,172.9,150,156.7,134.3,107.8,115.9,243.2,201.9,157.4,426.7,183.7,25.4,23.4,40,41,75.1,56.8,97.8,142.3,179,150.5,82,72.9,46.6,61.2,87.8,140.8,118.6,179,165.6,114.8,140.8,67.2,219.7,120,298.9,370.8,380.3,393.4,337,394.4,466.4,270.3,236,196.1,302.7,211.4,166.8,271.9,281.4,242.6,218.5,293.9,308.6,365,375.5,380.9,350.9,199,565.7,666,753.1,520.4,444.5,564.5,464.9,497.1,626.2,523.4,403.8,495.5,356.4,297.1,263.6,162.5,402.6,425.8,428.7,543.3,408.4,513.3,122.6,144.7,166.4,225.9,181.9,124.4,82,34.6
  雁塔区,7.4,2.4,5.9,15.2,8.2,0,65.6,33.9,7.9,43.5,77.8,38.7,46.4,101.6,107.7,80.6,145.8,176.6,178.7,155.7,160.9,138.5,112,121.6,247.4,206.1,162.5,415.1,188.7,29.6,27.6,48.1,49,79.2,61,100.7,145.3,182,158.5,90.1,77.1,50.8,65,91.7,144.7,122.6,183.6,170,119.5,145.5,74.9,224.1,123.9,306.9,378.9,388.4,401.5,345.1,402.5,474.5,278.3,244.1,204.2,310.8,217.6,174.9,264,273.7,234.8,210.7,286.1,301.3,357.2,367.2,373.1,342.6,193,573.7,674.1,761.2,528.5,452.5,571.3,472.9,505.2,634.3,531.5,412,503.6,348.7,289.4,255.8,154.7,394.9,418.1,422.4,537,402.7,507,123.4,145.5,167.2,226.7,179.6,115.5,74.2,38.7
  阎良区,71.6,66.6,61.9,53.8,62,66.4,0,36.9,74.1,76.6,131.9,102,24.6,69.1,76,45.1,114.1,225.5,226.8,203.8,220.2,191.1,166.4,169.7,306.7,258.1,196.5,481.3,237.6,75.3,72.9,30,45.9,109.9,90.6,125.6,188.1,216,144.9,74.2,126.8,96.5,52.3,76.2,129.1,89,125.4,110.5,61.3,87.3,14.9,165.9,109.7,275.2,347.1,356.6,371.9,313.3,371.2,475.1,246.6,212.3,172.5,279.1,159.4,143.1,329.3,339,300.1,276,351.4,366.6,422.5,433.4,438.4,408.9,254.5,542,642.3,729.4,496.7,420.8,541.8,441.2,473.9,602.5,499.7,380.2,474,414.6,355.3,321.7,220,460.8,484,486.9,601.5,466.6,555.1,156.4,176.5,200.2,259.7,212.3,175.6,134.4,81.2
  临潼区,39.6,34.6,30.2,20.4,30.2,34.7,42.2,0,41.3,41.5,103,72.3,36.2,108,114.1,82.7,153.8,203,203.4,181.4,188.4,166,139.2,147.2,274.6,233.6,183,448.7,213,55.8,50.5,48.6,58.2,105.4,85,121.4,165.8,202.5,167.7,91.8,101.7,75.4,38.4,64.9,117.9,90.4,152.9,137.4,88.9,114.9,53.1,193.5,97.1,316,387.9,397.5,410.6,354.2,410.5,489.4,287.4,253.2,213.3,319.9,187.1,184,296.7,306.3,267.4,243.4,318.7,333.9,389.9,400.8,405.8,376.2,225.6,582.8,683.2,770.3,537.6,460.5,579.3,482,514.3,643.4,540.6,421.1,512.7,382.7,323.4,289.9,187.3,428.9,452.1,455,569.6,434.7,520.1,121.4,143.5,165.2,224.7,177.3,141.5,100.2,65
  长安区,14.7,9.7,13.3,23.1,15.6,7.7,73.3,40.1,0,49.2,73.5,34.5,53.6,109,115.1,88,153.3,180.7,182,159,171.1,150.7,122.2,120.8,255.1,213.7,172.1,418.1,199.6,39.4,35.2,55.5,56.4,88.4,71.5,108.3,153,189.7,166,97.5,87.8,60.3,70.8,97.4,150.4,128.3,190.7,175.2,126.8,153.2,82.6,231.3,129.6,314.4,386.3,395.8,408.9,352.5,409.9,481.9,285.7,251.5,211.6,318.2,224.9,182.3,266,275.6,236.7,212.7,290,305.2,361.1,372,377,345.7,196.8,581.2,681.5,768.6,535.9,459.9,578.7,480.4,512.6,641.7,538.9,419.4,511,343.9,284.1,250.5,158.6,389.6,413.3,416.2,530.7,395.9,507.8,131.9,151.2,172.9,232.4,185,107.8,66.5,49.3
  蓝田县,49.2,44.2,41,29.8,42.7,44.3,75.7,41.1,50.3,0,113.8,82.7,54.3,127.6,133.8,106.3,171.9,211.8,213.1,190.1,196.9,174.4,148,156,283.4,242,198.4,457.7,223.9,65.7,63.5,72.4,78.6,116.1,97,138.9,183.3,220,188.1,115.7,113.1,86.7,66,93.2,146.2,123.9,191.8,176.3,122.5,154.6,83.9,232.3,125.4,333,432.8,414.4,427.5,371.1,428.5,505.5,304.4,270.2,230.2,336.9,220.6,200.9,305.7,315.4,276.5,252.4,327.8,343,398.9,410.6,414.8,385.3,234.6,599.8,700.2,787.2,554.6,478.6,597.3,499,531.2,660.3,557.5,438,529.7,403.2,332.5,298.9,196.4,449.4,472.6,475.5,578.6,455.2,479.8,81.2,103,125.1,184.5,137.3,138.5,97.2,74.7
  周至县,81.7,76.7,73.4,84.8,75.7,77.7,133.5,102.8,73.5,113.8,0,43.1,110,166.8,172.9,145.8,211,107.4,108.7,85.8,97.7,75.3,49,47.6,184.4,145,106.3,414.8,114.9,61.8,66.9,106.4,91.1,67.7,50.3,89.1,132.9,207.3,226.5,128.9,13.9,44.2,138.5,165,218,195.9,250.7,235.2,186.6,212.6,140.5,291.2,197.2,372.1,443.4,453.6,468.6,410.3,469.9,542.4,343.5,309.3,269.4,376,284.7,240.1,266,275.6,236.7,209.3,287.9,303.2,356,367,371.8,342.4,122.9,638.9,739.3,826.4,611,535,653.8,538.1,570.4,699.5,596.7,477.1,568.8,415.7,388.4,356.4,153.4,493.9,517.2,488,602.6,467.7,572.2,199.4,221.5,243.2,302.8,255.3,193.1,142.6,54.6
  户县,44.4,39.4,42.4,53.9,46.8,39,103.9,72.4,34.9,82.2,42.9,0,80.4,137.1,143.3,116.1,181.4,157.4,158.7,128.4,140.5,117.9,91.6,90.2,227,185.7,149.5,436.5,164.9,44.1,44.2,86,70.7,110.8,76.2,115.8,159.5,196.2,194.1,112.6,57.3,65,103.8,130.4,183.4,161.2,221.1,207.5,156.9,182.9,110.8,261.6,162.5,342.5,414.4,424,437.1,380.7,438.1,510,313.9,279.7,239.8,346.4,255,210.4,236.2,245.8,210.4,182.9,258.2,273.4,329.4,343.8,345.3,315.7,152.8,609.3,709.7,796.7,564.1,488.1,606.9,508.5,540.8,669.8,567,447.5,539.2,350,340.2,286.3,126.9,445.7,443.9,422.2,536.8,403.8,508.8,164.7,184.2,205.9,265.4,220.5,140,98.8,53.5
  高陵县,50.2,45.2,40.5,32.7,37,45,25.5,30.6,54.5,54.4,108.9,79,0,74.5,80.6,53.2,118.7,202.6,203,180.9,198.1,168.2,139,146.8,284.8,241.5,174.4,458.4,214.6,55.4,50,18,33.2,97.1,75.5,112.8,159.5,196.1,132.1,61.3,103.8,77.6,50.9,78.2,146.8,103.6,142.4,126.9,78.3,104.8,30.7,182.9,110.3,279.8,351.7,361.3,376.6,318,375.4,458.5,251.2,217,177.1,283.7,176.9,147.8,306.4,316,277.1,253.1,328.4,343.6,399.6,410.5,415.5,386,231.6,546.6,647,734.1,501.4,425.4,544.2,445.8,478.6,607.2,504.4,384.9,478.7,394.1,334,300.4,197.1,440.3,465.3,467.5,582.1,447.2,532.9,134.3,156.3,178.1,237.6,194.8,155.4,113.4,62.3
  王益区,106.8,101.8,97.1,106,93.6,101.6,68.2,103.7,109.1,127.6,166.7,135.6,74.6,0,6.4,22,44.6,259.1,260,242.4,281.4,224.6,234.3,203.4,340.4,297.2,230.1,515,271.2,102.6,100.1,57.3,72.3,137.3,118,153,157,249.6,129.2,104,175.9,135.1,118.4,145,220,141.4,136.3,109.8,78.3,65.9,54.3,230.1,199.2,207.5,279.5,289,302.1,247.8,302.9,473.5,178.8,144.7,104.8,211.4,140.6,75.5,363,372.6,333.7,309.7,384.9,400.3,456.2,467.1,472.1,442.5,288.2,474.2,592.9,679.9,429,353,471.7,373.5,405.8,534.9,431.9,312.5,404.2,449.9,390.6,357,253.7,496.1,519.3,522.2,636.8,501.9,606.2,207.6,229.6,251.3,310.9,263.4,218.8,177.5,108.3
  印台区,113,108,103.3,112.2,99.8,107.8,74.4,109.9,115.4,133.9,172.9,141.8,80.8,6.4,0,28.3,38.2,266.3,266.2,243.7,287.6,230.8,213.1,209.6,346.6,303.5,236.3,521.2,277.5,108.9,106.3,63.6,78.5,156.5,124.2,159.2,150.6,255.8,122.6,110.2,182.1,141.3,124.6,155.7,226.3,139.1,134,107.5,76,63.7,60.5,236.7,205.4,201,272.9,282.4,295.5,239.1,306.9,466.2,172.4,138.2,98.2,204.9,138.4,69.7,369.2,378.9,339.9,315.9,391.1,406.4,462.4,473.3,478.3,448.8,294.4,467.8,586.3,673.4,422.6,346.6,465.4,367,399.3,528.3,425.5,306,397.7,456.1,396.8,363.3,259.9,502.3,525.5,528.4,643,508.1,612.4,213.8,235.8,257.6,317.1,269.7,225,183.7,114.5
  耀州区,85.6,80.6,76,85.9,72.4,80.5,46.9,82.4,87.9,106.4,145.6,114.5,53.3,22.2,28.2,0,66.3,238.5,239.4,221.8,260.7,204.2,186.2,182.8,347.3,271.1,209.5,494.4,250.6,81.5,78.9,36.2,51.1,116.7,96.9,132.4,194.8,229,150.8,83.2,154.8,102.7,97.8,123.8,198.9,138.6,168.4,131.3,79.3,87.5,31.2,208.8,177.9,227.5,301.1,308.9,322,265.6,323,491.3,198.8,166.4,124.7,231.9,162.2,95.4,341.8,351.5,312.6,288.5,363.8,379.1,435.1,446.5,450.9,421.4,267,496.5,594.6,699.9,449,373.1,491.8,393.5,425.7,554.8,452,332.4,424.1,428.8,369.4,335.9,232.5,474.9,498.2,501,615.6,480.7,585.5,186.3,208.4,230.1,289.6,246.8,197.6,156.4,87.1
  宜君县,150.8,145.8,141.1,150,137.6,145.6,112.2,154.8,153.1,171.7,212.7,179.6,118.6,44.6,38.2,66.5,0,303.1,304.5,281.5,325.4,269.6,278.3,247.4,384.4,341.3,274.1,559,315.3,157,150.6,101.4,116.3,198.6,173.1,212.5,272.4,293.6,134.6,147.9,204.5,179.1,185,211.1,264.1,220.4,170.9,144.4,112.9,100.6,99,274.1,243.2,163.6,234.9,245.1,260.1,201.8,259.2,427.5,135,100.8,60.9,167.5,148.6,31.6,407,416.7,377.7,353.7,428.9,444.3,500.2,511.1,516.1,486.6,332.2,430.4,549,636,385.2,309.2,428,329.6,361.9,491.1,388.2,268.6,360.3,493.9,434.6,401.1,297.7,540.1,563.3,566.2,680.8,545.9,650.2,251.6,303.2,295.4,354.9,307.4,262.8,221.5,162.7
  渭滨区,181.4,176.4,171.6,183,171.9,177.3,226.5,204,184.1,212.1,108.4,150.9,203.1,265.2,271.4,244.2,304,0,1.8,23.4,46,67.4,88.9,60.8,83.2,43.1,133.2,100.9,61.2,152.8,158.3,211.7,183.2,195.7,177.7,162.7,260.9,297.6,301,248.3,105.9,134.6,234.8,261.3,314.3,292.2,343.7,330.1,279.6,325.2,233.5,384.2,293.5,466.7,538.6,548.2,561.7,504.9,561.8,632.7,438.1,407.7,362.4,470.6,386.1,333.1,368.7,377.4,338.5,314.4,389.7,405,461,471.9,476.9,172.4,230.3,731.9,832.3,918.8,701.2,625.3,729.5,631.2,663.4,792.5,689.7,570.1,676.3,549.5,490.2,458.2,258.4,595.7,618.9,625.2,736.4,601.5,674.5,298.8,320.9,342.6,402.2,354.7,295.4,254.1,144.8
  金台区,181.3,176.3,171.5,182.9,171.8,177.1,226.4,203.8,183.9,211.9,108.2,150.7,202.9,261.2,267.3,240.2,304.8,1.4,0,23.4,46.7,67.3,88.7,60.6,83.1,43,134.5,101.5,62.6,152.6,156.9,211.5,183,195.6,177.5,162.5,261.6,299.9,301.7,248.2,105.7,134.4,234.9,261.2,314.2,292,343.6,330,279.4,325,233.3,384.1,293.3,465.9,537.8,547.3,562.4,504,577,633.9,437.3,404.6,363.1,469.8,378.4,333.8,369.4,378.7,339.3,315.2,390.4,406.5,462.4,473.3,477.6,173,228.6,732.6,847.6,919.5,687.4,611.5,730.8,631.9,678.7,793.2,690.4,576.3,677.1,550.2,490.9,458.9,259.2,596.4,619.6,625.9,737.1,602.2,675.2,298.7,320.8,342.5,402,354.6,296.1,254,144.7
  陈仓区,160,155,150.2,161.6,150.5,155.6,205.1,182.6,162.7,190.6,86.3,128.8,181.6,238.4,244.5,217.3,282.6,23.3,24.6,0,20.8,40,67.4,38.7,104.4,63,74.1,123.7,55,131.3,135.7,184.8,161.7,108.6,121.7,137.2,181,276.1,279.5,226.9,84.5,113.2,213.3,239.9,292.9,270.8,322.3,308.7,258.1,284.1,212,362.8,272.1,449.1,517.2,525.2,541.8,487.3,541.6,611.2,416.7,382.5,341,447.6,364.6,311.6,346.5,355.4,319.6,295.6,367.7,383,438.9,449.9,459.8,166.5,205.8,710.5,810.9,897.3,665.3,589.3,708.1,609.7,642,773.2,668.2,548.7,640.4,527.5,468.2,436.1,236.4,573.7,596.9,599.7,714.3,579.5,653.1,277.4,299.5,321.2,380.2,333.3,274,232.7,123.4
  凤翔县,165.1,160.1,156.9,168.2,157.2,161,221,189.2,169.3,197.3,98.4,141,191.5,281.8,288,242.4,326.1,44.6,46,19.8,0,22.6,49,58.9,84.7,43.4,88.3,451.4,74.5,132.8,137.3,207.6,191.5,93.1,110.9,117.7,162.3,199,201.5,270.4,90.5,110.3,220,246.6,299.6,277.4,338.3,324.6,274.1,314.3,228,373.3,278.8,487.2,559.1,568.7,559.7,501.4,495.4,630.7,458.6,424.4,384.4,463.5,372.3,355.1,366,374.9,336,311.9,387.2,402.5,458.4,469.3,474.3,444.8,225.3,730,830.4,916.8,699.3,623.3,727.6,634.8,676,790.6,684.2,592.2,674.4,547,487.7,455.6,255.9,593.2,616.4,619.2,733.8,559.5,662.9,282.9,305.6,326.6,386.2,343.1,283.8,242.5,125.6
  岐山县,142.5,137.5,134.2,145.6,134.5,138.4,192.3,166.6,149.9,174.7,75.7,118.2,168.8,227.1,233.3,210,269.8,67,68.3,40,22.4,0,26.3,32.2,107.1,65.7,49.1,473.8,94.5,110.2,114.7,185,145.1,70.4,88.3,95.1,123,214.5,163.1,167.3,67.9,87.5,197.4,224,277,258,309.5,295.9,245.4,291,199.3,350,265.4,464.6,502.9,513.8,561.1,502.7,510.9,604.6,436,401.7,328.2,434.8,343.5,298.9,342.4,355.7,306,282,360.4,383.3,434.8,445.7,444.4,421.2,201.7,698.4,798.8,890.7,667,577.2,695.4,612.1,635.3,766.6,655.5,569.5,633.7,517,457.7,425.7,226,563.2,586.4,555.6,670.2,535.4,640.3,264.6,282.3,308.4,368,320.5,261.2,219.9,102.9
  扶风县,116,111,107.7,119.1,108,111.9,167,140.1,120.2,148.1,49.4,91.8,139.1,234.6,222.3,213.5,278.8,87.8,89.1,66.2,48.7,26.3,0,32,135.2,92.1,53.5,460.8,99.9,83.7,88.2,125.3,118.8,45.8,62.7,70.4,114.1,150.8,154.2,142.6,41.5,61.1,170.9,197.4,250.4,228.3,291,277.4,226.8,252.8,180.7,331.5,229.6,421.5,484.3,521.4,518,459.6,536.6,607.4,411.3,358.6,337.2,416.3,324.9,307.8,309.6,318.4,279.5,255.4,333.8,346,401.9,412.9,417.9,388.3,168.8,679.1,779.6,866.6,643,550,668.8,587.5,611.6,739.7,636.9,526.4,609.1,490.5,431.2,399.2,199.4,536.7,559.9,529.1,677.4,508.8,613.8,234.9,257,278.2,337.7,294,234.7,193.4,76.5
  眉县,125.7,120.7,115.9,127.3,116.2,121.5,170.8,145.3,120.8,156.3,47.9,90.4,147.3,204.1,210.2,183,248.3,59.8,61.1,38.4,58.6,33,33.1,0,142.1,100.8,62.3,459.3,67.8,96.3,100.8,150.5,127.4,74.3,84.8,100.1,147.4,245.3,245.2,163.4,50.2,78.9,179,205.6,259.4,236.5,288,274.4,223.8,249.8,177.7,328.5,237.8,409.4,481.3,496.3,509.4,452.6,510.2,580.4,382.4,352,306.7,413.3,322,282.8,308.1,317,278.1,254,329.2,347.7,400.5,411.4,416.4,386.9,167.4,679.7,780.1,867.2,634.5,573,677.3,575.4,611.2,736.8,633.9,514.4,609.6,489.1,432.9,397.7,198,535.3,561.6,561.4,675.9,541.1,619.5,246.1,265.2,290.4,349.9,302.5,240.4,199.1,89.1
  陇县,251.4,246.4,243.1,254.5,244,247.2,307.2,275.5,255.5,283.5,184.7,227.2,283.8,338.8,344.9,347,465.6,83.2,83.1,104.3,85.6,107,135.2,142.7,0,40.9,172.8,491.8,145.2,219,223.6,293.8,289,179.3,197.1,203.9,209.9,172,251.1,329.1,177,196.5,309.9,342.1,395.1,372.9,450.2,436.6,387.8,431.7,314.2,492.5,374.2,508.7,698.7,708.2,737.5,679.1,493.9,808.5,469.7,563.9,524,630.6,523.9,494.7,455.1,463.9,425,405.3,476.2,491.5,547.5,565.5,563.3,533.8,314.3,907.8,1008.2,1093.1,862.6,786.6,905.4,807,839.3,897.6,865.5,746,837.7,636,579.8,547.8,344.9,682.2,705.4,708.3,822.8,644.2,749.1,369.8,392.4,417.3,476.8,429.4,368.5,327.3,211.9
  千阳县,208.3,203.3,200,211.4,200.3,204.1,264.1,232.4,212.4,240.4,141.6,184.1,240.7,297.4,331.1,271,369.2,43.1,43,63.4,44.3,65.7,92.1,101.4,40.9,0,131.5,144,102.7,175.9,180.4,238.5,245.9,136.2,154,160.8,205.4,230.6,246.4,286,133.8,153.4,266.3,292.9,344.7,329.8,375.3,363.2,311.1,357.4,265.7,416.5,325,530.3,604,613.6,628.6,570.2,522.1,673.8,503.5,469.3,429.3,534.2,409.9,400,416.8,422.4,383.5,362.6,434.6,451.4,507.4,518.3,521.8,524.6,270.3,773.1,888,985.7,733.3,651.9,778.6,698.1,730.4,825.8,723.7,637.1,728.8,590.1,532.6,500.6,300.9,640.7,661.4,662.4,778.8,610.7,706,327.2,349.3,370.4,430,386.3,325.4,284.2,168.8
  麟游县,166.4,161.4,158.1,169.5,157.5,162.2,197.2,183.6,170.6,198.5,106.9,145.5,173.6,230.4,236.5,209.4,274.6,133.2,134.6,107.9,88.1,103.9,53.5,62.7,172.8,131.5,0,232.5,162.6,132.9,137.2,156.1,151.3,84.3,100.7,61.6,74.1,110.8,114.2,173.7,95.1,114.7,214.4,241,294.7,271.8,314.3,300.7,250.4,295.8,207,354.9,273.1,435.7,507.6,518.2,532.2,473.9,532.4,603.2,407.1,372.9,333,439.6,349.3,303.7,370.5,463,340.4,319.5,391.6,490.6,546.5,558,478.8,533.5,229.7,702.5,802.9,891.1,657.3,581.3,700.1,601.7,634,763.1,660.3,540.7,632.4,510.6,488.1,456,255.6,593.6,580,582.8,697.4,562.5,667.4,281.4,303.5,325.2,384.7,337.3,288.3,247.1,132.8
  凤县,421.7,416.7,421,432.6,428.3,415.5,482.5,448.7,418.4,457.9,418.7,436.8,459,515.8,521.9,494.7,406.3,101.2,101,123.8,148.3,471.6,192.6,459.4,184.8,143.8,235.7,0,155.2,425.5,434.1,308.5,458.9,298,279.9,539.3,363.1,399.8,403.2,507.1,426.5,451.8,479.5,506,559,536.9,446,432.4,381.8,561.5,335.7,640.2,538.2,581.9,639.3,648.8,678.4,620,664,891.4,553.3,519.1,464.6,571.3,633.7,435.3,154.1,166.9,184.4,206.4,243.5,178.1,246.2,245,330.6,72.9,295.6,834.7,934.6,1021,942.7,866.7,832,733.4,765.7,894.7,791.9,672.3,764.1,403.3,344,311.9,303.1,449.5,472.7,475.6,590.1,455.3,560.2,537.7,559.8,581.5,641.1,598.3,527.9,486.7,467
  太白县,193.5,188.5,183.7,195.1,184,189.1,238.6,213.1,201.8,224.1,115.3,157.7,215.1,271.9,278,250.8,316.1,61.5,62,55,75.4,94.2,100.9,68.1,144.3,102.7,130.9,155.2,0,165.1,169.2,218.3,195.2,142.1,189.8,229.2,291.8,328.5,331.9,260.4,121,143.3,246.8,273.4,326.4,304.3,355.8,342.2,291.7,317.7,245.6,396.3,305.6,496.1,568,577.6,592.6,534.2,592.7,663.6,467.5,433.3,393.3,481.1,389.8,345.2,167.5,180,197.8,219.8,416.1,191.6,259.6,258.4,344,112.3,234.7,762.9,863.3,949.7,717.7,641.7,760.5,662.1,694.4,825.6,720.6,601.1,692.8,556.4,478.7,437.1,265.3,584.2,607.4,628.7,743.3,608.4,686.8,313.4,333,361.3,420.8,369.8,307.7,266.5,159.9
  秦都区,33.8,28.8,25.5,36.9,25.9,29.7,75.2,56.4,38,66,61,43.3,55.5,103.1,109.3,82.1,157.5,151.4,152.7,130.5,132.8,110.3,83.9,95.6,219.3,177.9,133,423.6,163.4,0,5.3,45.8,30.5,50.7,32.5,72.1,115.8,152.5,145.8,72.4,52.7,22.6,87.2,113.8,166.8,144.6,196.2,180.6,125.6,161,79.3,236.7,145.9,311.4,383.4,393,406.1,349.6,407,486.1,282.9,248.7,208.7,322.5,228.9,186.5,273.3,281.2,242.3,218.2,293.6,308.8,364.8,375.7,380.7,351.1,182,575.2,675.6,762.7,530,457,575.8,474.5,506.7,635.8,533,413.4,505.1,371.5,312.2,278.6,162.2,417.7,440.9,443.8,558.3,423.5,528.4,151.5,167.9,195.3,254.9,207.4,148.1,104.4,9.8
  渭城区,31.5,26.5,23.2,34.6,23.5,27.4,73.6,51.1,34.8,63.6,65.3,44,50.1,100.5,106.6,79.4,147.7,155.7,156.9,135.8,137.1,114.7,88.2,100,223.9,182.2,136.8,433.2,167.8,5.4,0,43.1,27.8,54.5,36.3,75.9,123.8,156.3,143.1,69.7,57,27,81.9,108.4,161.4,139.3,190.8,175.3,122.9,152.7,76.6,231.3,140.6,308.7,380.6,390.2,403.3,346.9,404.3,483.4,280.2,245.9,206,312.6,224.8,176.7,273.9,283.5,244.7,220.6,296,311.2,369.7,385.4,383,356.1,186.9,572.6,673,760,527.4,451.4,573.1,471.8,504,633.1,530.3,410.7,502.5,373.8,314.5,281,164.6,420,443.2,446.1,560.7,425.8,529.8,149.2,171,193,252.5,205.1,144.2,101.2,14.1
  三原县,53.1,48.1,43.4,53.4,39.9,47.9,30.5,49.3,55.4,73,104.8,85.4,18.6,58.5,64.6,37.5,102.7,205.5,206.8,183.8,200.2,171.1,153.1,154.6,291.5,238,176.4,461.3,217.5,45.3,42.8,0,15,79.1,59.9,94.8,155,200.7,114.1,43.4,99,66.6,68.7,95.2,165.4,119.1,150.3,134.8,81,108.9,34.6,190.8,144.6,263.9,335.8,345.3,358.4,302,359.4,431.9,235.2,201,161.1,267.7,183,131.8,309.3,318.9,280,256,331.3,346.5,402.5,413.4,418.4,388.8,226.9,530.7,631,718.1,485.4,410.5,530.5,430.4,462.6,591.2,488.4,369.3,460.5,396.2,336.9,303.3,200,442.4,465.6,468.5,583.1,448.2,551.7,152.9,175,196.9,256.3,208.8,165.1,123.8,51.3
  泾阳县,54,49,44.3,54.5,40.7,48.8,45.7,58.8,56.3,80.3,90.9,71.4,32.4,72.7,78.8,51.6,116.9,183.1,184.4,161.4,195.5,172,119.3,127.3,287.5,244.4,152.9,454.6,195.5,31.4,28.8,15.3,0,75.6,56.1,91.3,135.5,196.8,112.3,43.8,82.6,52.6,80.7,107.2,174.9,152.8,164.5,149,95.2,123.1,48.8,205,154.1,278,349.9,359.5,372.6,316.2,374.1,428.2,249.4,215.2,175.3,281.9,197.2,145.9,302.6,312.2,273.3,249.2,324.6,339.8,395.8,411.4,411.7,386.8,212.9,544.8,645.2,732.3,499.6,423.6,544.7,444,476.3,605.4,502.6,383.5,474.7,397.1,337.7,304.2,193.2,443.2,466.5,469.4,584,449.1,554,160.5,182.6,204.3,263.8,216.1,166,122.6,37
  乾县,83.1,78.1,74.8,86.2,75.1,78.9,109.9,106,88.2,116.2,67.7,93.5,97.1,137.9,161,116.9,199.1,194.9,196.2,107.5,92.8,70.4,45.8,73.4,179.3,136.2,84.3,516.7,141.2,50.6,54.9,79.8,74.9,0,18.4,23.4,67.1,103.8,107.2,97.4,55.9,65.5,136.8,163.3,216.3,194.2,238.8,225.1,162,200.6,114.1,279.2,195.5,361.7,433.6,443.2,462.1,403.8,461.2,560.4,333.1,298.9,257.4,364.1,272.7,228.1,364.7,374.4,298.7,274.6,348.5,401.9,457.9,468.8,437,444.3,224.8,632.4,732.8,816,587.2,511.2,631.5,527.7,560,689.1,586.3,466.7,558.4,421.7,362.4,328.8,212.5,467.9,491.1,494,608.6,473.7,578.6,203,225.8,246.8,305.8,258.8,199.5,158.2,50.4
  礼泉县,64.9,59.9,56.6,68,56.9,60.7,90.6,87.8,70,97,50.5,75.3,75.7,118.6,124.7,97.6,175.3,176.9,178.2,120.8,110.6,88.2,62.7,86.7,197.1,155.8,100.7,455.8,189,32.4,36.4,60.5,55.6,18.4,0,39.8,86.2,122.9,126.3,78.1,38.6,47.3,116.5,143.1,196,175,216.4,208.7,141.1,184.1,94.8,262.8,175.2,336.5,405.8,417.9,433,374.6,438.2,508.4,307.8,273.6,233.7,340.3,255.5,204.4,310.7,320.3,281.4,257.3,332.6,347.9,403.8,407.9,419.7,383.3,206.6,601.3,701.7,788.8,556.1,486.5,605.2,500.6,532.8,663.7,559.8,439.5,531.2,403.5,344.2,310.6,201.3,449.7,472.9,475.8,590.3,455.5,560.4,184.8,207.6,228.5,288.9,240.6,181.3,140,32.2
  永寿县,103.8,98.8,95.5,106.9,97.9,99.7,124.1,121.4,108.9,139,88.4,114.2,111.3,152.1,158.3,131.1,212.4,161.4,162.4,136.6,116.7,94.3,69.7,97.3,203.2,160.1,61.7,537.4,227.7,71.3,75.6,94,89.1,22.7,39.1,0,44.5,81.2,84.6,111.6,76.7,86.2,152.7,178.8,231.8,209.6,252.2,238.5,188,233.6,128.3,292.6,211,373.6,445.5,455,470.1,411.7,470.9,541.6,344.9,310.7,270.8,377.4,294.5,241.5,386.3,395.1,356.2,332.1,364.4,422.7,478.6,489.6,451.6,465,245.5,642.5,740.7,827.8,595.1,519.2,639.2,539.6,571.8,700.9,598.1,478.5,570.2,442.4,383.1,349.6,233.2,488.6,511.8,514.7,629.3,494.4,599.3,219.2,241.3,263,322.6,275.1,220.2,179,71.2
  彬县,149.4,144.4,142.9,158.2,143.1,145.3,188.2,166.6,152.8,184.2,133.1,158.8,157.5,157.1,150.7,195.1,272.9,260.2,261.6,181.2,162.2,138.9,114.3,141.9,209.4,205.6,74.3,582.1,291,115.9,120.3,139.2,134.3,67.3,85.6,44.6,0,37.5,42.2,111.8,121.3,130.8,197.9,224,277,254.8,297.4,283.7,233.5,278.8,192.3,337.8,256.2,442,512.6,522.1,538.7,480.3,537.3,343,401.7,365.8,331.2,446.4,353.5,301.9,430.9,439.7,400.8,376.8,452,467.3,523.3,491.3,496.2,466.8,290.2,685.5,785.9,873,665,587.8,683.4,584.8,617,750.4,643.3,545.6,615.4,487.1,427.8,394.2,277.8,533.3,556.5,559.3,673.9,539.1,644,264.4,286.5,308.2,367.8,320.3,263.7,222.4,115.8
  长武县,185.7,180.7,179.2,188.8,179.3,181.5,216.4,202.9,189,220.5,206.1,195.1,193.8,249.7,255.8,228.6,293.9,296.5,297.9,274.9,198.5,214.3,150.6,240.8,171.2,230.9,110.6,618.3,327.3,152.2,156.5,196.1,197.1,103.5,121.8,80.9,38.2,0,79.4,148.9,157.5,167.4,234.2,260.2,314,291.1,333.6,320,269.7,315.1,226.3,374.1,292.4,477.8,549.7,559.3,551.5,493.1,384.6,622.5,438.9,403,352.2,458.9,433,322.9,467.1,433,437.1,413,488.2,503.6,559.5,527.5,532.5,503,326.4,721.8,822.2,908.6,676.6,600.6,719.9,621,653.3,786.7,703.7,582.8,651.7,523.3,464,430.5,314.1,569.5,592.7,595.6,710.2,575.3,680.2,300.7,322.8,344.5,404,356.6,299.9,258.7,152.1
  旬邑县,163.4,158.4,153.7,163.7,150.2,158.2,144.6,168.2,165.7,189.7,225.3,193.4,131.8,128.5,122,149.9,133.9,299.6,301,278,200.7,162.6,153.7,243.9,255.5,244.1,113.7,578.5,330.4,145.5,143,114.4,111.5,106.6,124.9,84,41.5,79,0,68.2,160.7,170.2,205.3,231.3,284.3,264.9,286.7,262.6,214,250.8,148.7,318.6,267.5,390.4,462.3,471.9,487.3,428.9,507.5,314.3,361.8,327.6,287.7,394.6,325.1,165.4,422.6,431.4,392.5,368.4,443.7,463.7,519.7,530.7,528.7,506.1,329.5,658.7,780.6,856.8,612.3,536.4,654.8,556.4,589,717.8,615,495.4,591.8,506.5,447.2,413.7,310.3,552.7,575.9,578.8,693.4,558.5,663.4,269.6,293.9,313.7,373.2,325.5,275.4,234.1,157.2
  淳化县,95.3,90.3,85.6,95.8,82,90.1,73.4,92,97.5,115.8,129.1,112.4,61.3,104.7,110.6,83.4,148.7,247.5,248.5,226,269.8,167.2,142.6,165.2,356.4,233,174.7,505.6,260.6,72.4,69.8,44.8,43.3,97.4,78.1,113,111.7,149.2,68.5,0,117.2,93.7,111.3,157.5,208.2,196.8,210,196.4,124.6,167.5,77.5,250.5,191.4,322.3,383.2,391.3,421,360.4,417.8,384.4,293.7,259.4,207,313.7,244.5,177.7,354.1,363.7,324.3,300.3,375.5,391.3,446.8,457.7,460.6,433.2,277.5,589,689.5,778,543.9,467.9,586.6,488.3,508.1,649.6,544.6,427.2,506.5,438.4,379.1,345.5,242.1,484.6,507.8,510.6,625.2,490.3,595.3,201.8,225.8,245.6,298.9,257.4,207.3,166,79
  武功县,81.4,76.4,73.1,84.5,73.4,77.2,128,102.4,85.5,113.5,14.2,57.5,104.5,176.2,167.4,155.2,220.4,105.3,106.6,83.7,90.3,67.9,41.5,49.5,177,135.6,95.5,426.4,120.4,53.7,58.2,98.1,82.8,55.9,38.6,77.4,121.1,199,161.2,117.2,0,29.9,136.2,162.8,216.6,193.6,245.2,229.7,181,207,134.9,285.7,195,381.5,452.8,463,478.1,419.7,462.2,534.1,352.9,318.7,278.8,370.5,279.1,249.5,277.6,287.2,248.3,224.3,299.5,311.6,367.6,378.5,383.5,354,134.5,633.4,733.8,820.9,602.7,526.7,645.5,532.6,564.9,694,591.1,471.6,563.3,419,359.7,368,165.1,465.2,488.4,491.3,605.9,471,575.9,200.3,222.4,244.1,303.6,256.2,196.8,155.6,46.3
  兴平市,54.8,49.8,46.5,57.9,46.8,50.6,96.4,75.8,59,86.9,43.3,64.3,77.8,135.3,141.5,103.4,179.6,133.8,135.1,112.1,110,87.5,61.1,78,196.5,155.2,114.7,455.5,142.9,22.5,27,67.1,51.8,65.6,47.4,87,130.8,167.6,170.9,93.7,29.9,0,109.6,136.2,189.2,167.1,218.5,202.9,154.4,180.3,100.6,258.9,168.4,340.7,411.9,422.2,437.2,378.8,438,508.2,312.1,277.9,237.9,343.7,252.4,208.6,303.5,313.2,274.3,246.6,325.4,340.8,396.7,407.7,412.6,383.1,163.6,606.8,707.2,794.3,562.3,486.3,613.5,506.7,539,667.4,564.6,445.7,537.4,392.4,333.1,299.6,194.2,438.6,461.9,464.7,579.3,444.4,549.3,172.5,195.8,216.3,275.8,228.4,170.3,125.3,15.3
  临渭区,70.3,65.3,60.8,50.8,61.1,65.4,52.5,32.4,71.7,65.6,139.9,104.1,50.9,118.8,124.9,95.7,185.2,233.5,233.9,211.8,218.9,205.8,170,177.7,314.7,262.2,213.5,479.2,245.6,86.3,80.9,68.3,81.1,135.9,115.5,151.8,196.9,233.6,204.7,112.2,134.8,108.5,0,28.6,81.6,58.7,121.1,105.6,57.2,83.2,65.9,161.7,60.7,346.3,445.3,428.3,440.2,384.5,441.9,518.8,317.7,283.5,243.6,367.7,155.3,214.2,327.1,336.8,297.9,273.8,349.2,364.4,420.3,431.3,436.2,406.7,256,613.1,713.3,800.9,567.9,491.9,610.7,512.1,544.4,614.2,522.7,451.1,542.8,413.2,353.9,320.4,217.8,460,483.4,485.5,600.1,465.2,551.1,115.7,120.6,196.3,255.8,208.4,171.9,131.3,95.4
  华县,97.2,92.2,87.7,77.7,87.6,92.6,76.6,60.1,98.6,92.9,166.8,131,77.9,145.7,155.6,121.3,211.5,260.4,260.8,238.7,245.5,223.1,196.9,204.6,341.6,289.1,240.4,506.1,272.5,113.2,107.8,95.2,108,162.8,142.4,178.7,223.2,259.9,229.2,160.8,161.7,135.4,28.5,0,56.7,49.7,112.6,97.1,83.3,107.5,90.2,153.3,37.4,372.6,434.6,455.9,467.2,410.7,469.9,544.5,344,309.8,270.4,361.5,165.4,240.7,354.1,363.7,324.8,300.7,376.1,391.3,447.3,458.2,463.2,433.6,283,639.4,784.8,870.5,594.2,518.2,649.4,457.9,596.4,605.8,514.3,477.6,569.3,440.1,380.8,347.3,244.7,486.3,509.5,513.2,627,492.1,577.4,139.3,94.9,222.5,282.1,234.6,198.9,157.6,122.3
  潼关县,149.8,144.8,140.2,130.3,140.2,145.2,130,112.5,151.2,145.4,219.3,183.6,146.5,219.8,225.9,198.5,264,313,313.4,291.3,298,275.6,249.4,257.2,394.2,341.7,292.9,558.6,325,165.8,160.4,164.6,171,215.4,195,231.3,275.7,312.4,281.8,212,214.2,187.9,81.1,56.7,0,67,130.3,114.8,132.7,151.5,177.9,226.2,21.9,425.2,436.5,508.1,519.7,463.3,520.7,597,396.5,362.3,324.2,361.1,260.5,293.1,406.6,416.3,377.4,353.3,428.7,443.9,499.8,510.7,515.7,486.2,335.5,676.9,786.7,872.4,646.7,570.8,689.5,576.8,598.3,607.7,516.2,530.2,594.9,492.7,433.4,399.8,297.3,538.9,563.5,565,677.1,544.7,534,153.1,109,196.7,283.2,287.2,251.4,210.1,174.9
  大荔县,127.7,122.7,118.1,108.2,118.1,122.8,89.5,90.1,129.1,123.5,197.5,161.4,112.8,141.5,139.2,138.6,222.1,290.9,292.2,269.2,285.6,256.5,227.3,235.1,372.1,328.9,270.8,536.5,302.9,143.6,138.3,118.1,148.9,193.3,172.8,209.2,261.4,290.3,267.3,198.8,192.1,165.8,58.7,49.3,66.9,0,62.6,47.1,65,83.8,103.1,103.2,46.1,383.2,384.5,538.4,477.8,421.3,480.5,555.1,354.6,320.4,280.4,309.1,115.3,251.1,384.5,394.1,355.3,331.2,406.6,421.7,477.7,488.6,493.6,464.1,313.4,624.9,734.7,820.4,604.8,528.8,647.6,524.8,546.3,555.7,464.2,561.9,542.9,470.6,411.2,377.7,275.2,516.7,540,544.3,657.4,522.5,587.6,209.2,105.2,253,336.7,265.1,229.3,188,152.8
  合阳县,188.5,183.5,178.9,170.4,176.9,183.6,126.2,152.3,191.3,191.5,248.9,218.9,141.6,136.2,133.9,169,170.8,342.4,343.3,320.8,337.2,308.1,290.2,286.7,451.2,375.1,313.4,598.3,354.6,195.3,189.9,150.5,166.4,237.9,215.5,251.8,296.2,332.9,279.8,211.3,243.8,216.9,120.9,112.4,130,62.4,0,25.9,76.1,71.7,118.2,48.4,109.2,403.9,333,485.3,498.4,442,501.2,575.7,373.5,339.3,168.5,176.4,94.8,206.3,446.3,455.9,417,393,468.8,483.5,539.5,550.4,555.9,525.9,371.5,571.8,681.6,767.4,625.4,549.5,660.1,471.7,493.2,502.6,411.1,508.9,489.9,531.6,473.5,440,337.4,579,602.2,605.1,718.4,584.8,670.1,271.5,247.3,315.2,374.8,327.3,291.6,250.3,202.3
  澄城县,175.3,170.3,165,155.1,166.1,169.7,110.6,137,176,176.7,236,206,126.6,109.8,107.5,131.4,144.4,329.5,330.4,307.9,324.3,295.2,277.2,273.8,435.6,359.5,297.8,585.4,341.6,182.4,177,134.9,152.5,224.9,210.7,236.2,280.6,317.3,266.9,195.7,228.2,204.6,105.5,97,114.7,47.1,25.6,0,51.8,47.4,98.7,71.3,93.8,415.9,352.6,506.5,519.6,454.5,513.7,554.6,423.6,353.6,143.3,147.8,69.5,175.1,433.4,443,404.1,380.1,453.4,470.7,526.6,537.5,540.5,512.9,358.6,565.5,702.8,788.5,646.1,570.6,649.3,492.9,514.4,523.8,432.3,530,511,517.5,458.1,424.6,322.1,563.6,587.1,590,704.5,569.6,654.8,256.1,232,299.9,359.4,312,276.2,234.9,189.3
  蒲城县,125.2,120.2,115,106.8,115.1,119.7,62.2,89,127.1,122.4,184.9,155,77.7,78.7,76.5,79.2,113.3,279.2,280.6,257.6,274,244.9,226.9,223.5,387.3,311.1,249.5,535.1,290.6,125.7,126,80.4,95.4,160.4,141.1,187.9,240.4,269.7,215.8,126.9,179.8,153.6,57.8,81.9,132.8,65.3,76.6,52.2,0,28.3,46.8,122.3,112,401,273.9,427.9,370.7,314.3,371.7,448,247.6,268.9,173.4,324.9,100.5,144.1,382.4,392,353.1,329.1,404.4,419.6,475.5,486.5,492.5,461.9,307.6,543,713.6,836.3,622.6,421.8,542,512.4,544.7,571.5,480,451.4,543.1,469.5,408.3,374.8,274.5,515.7,538.9,539.9,656.3,519.6,606.9,208.1,184.1,251.9,311.4,264,228.2,187,131.6
  白水县,150.8,145.8,140.6,132.4,140.7,145.2,87.8,114.6,152.7,153.8,210.5,180.6,103.8,65.9,63.7,87.5,100.6,324.6,325.5,283.3,319.4,290.1,251.8,249.2,433.4,357.2,295.6,560,316.2,158,151.6,108.2,123.1,204.5,181.3,234,278.4,315.1,250.9,169.3,205.4,179.2,83.4,109.3,151.4,83.8,71.8,47.4,27.8,0,74.6,116,130.5,263.4,246.3,400.2,363,301.5,361.5,437.5,234.7,193.1,146.9,151.1,72.8,131.3,407.9,417.6,378.7,354.6,430,445.2,501.1,512.1,518.1,487.5,333.1,569.1,669.5,756.6,487.6,408.9,527.7,468.3,500.6,629.7,486.2,423.7,499,495.6,433.9,400.4,298.6,539.4,565,567.5,682.1,547,632.3,233.7,199.5,277.5,337,289.6,253.8,212.5,163.9
  富平县,80.5,75.5,70.9,62.2,67.3,75.3,16.2,50.1,84.2,83.9,139.3,109.4,30.8,54.2,60.5,31.1,98.4,232.8,234.2,211.2,228.4,198.5,180.6,177.1,314.1,265.5,207.2,488.7,245,79.3,76.8,34,49,114,94.7,129.7,192.1,226.7,153.2,78.2,134.2,100.6,65.5,91.5,176.3,104.4,120.2,99.4,47.7,75.6,0,160.7,123.6,279.3,351.2,360.7,355.9,317.4,355.1,490.7,250.6,198.9,156.8,292,149.7,127.5,336.7,346.4,307.5,283.4,358.8,374,429.9,440.8,445.8,416.3,261.9,547.5,646.4,733.5,481.1,405.1,523.9,445.2,477.5,606.6,503.8,384.3,475.9,423.6,364.3,330.8,227.4,469.8,494.8,497.7,611.6,476.7,562.4,163.8,185.8,207.6,267.1,219.7,184.1,142.9,85.3
  韩城市,228.9,223.9,219.3,211.2,219.7,224,166.6,193.1,231.5,232.3,289.3,259.4,182,230.8,240.2,209.4,277.8,382.8,383.8,361.2,377.6,348.3,330.6,327.1,491.6,415.5,353.9,638.7,395,235.7,230.3,190.9,205.9,278.3,255.9,292.2,336.7,373.4,320.2,251.7,284.2,258,161.7,153.2,227.1,103.2,48.4,74.1,121.1,116.7,158.7,0,237.4,357.5,285,438.9,452,395.6,454.8,529.3,327.1,292.9,174.9,130.7,94,306.9,486.7,496.4,457.5,433.4,509.6,524,580,590.9,596.6,566.3,411.9,525.4,635.2,721,579,503.1,621.8,425.3,446.8,456.2,364.7,462.4,443.5,573.6,514.3,479.1,378.2,619.8,643,645.9,761.2,624,667.5,312.2,288.2,356,416.6,368.1,332.3,291,242.7
  华阴市,129.4,124.4,119.6,109.6,119.5,124.2,108.5,91.9,130.5,124.7,198.7,162.9,109.7,199.1,205.3,177.8,243.4,292.3,292.7,270.6,277.7,264.6,228.5,236.5,373.5,330.4,272.3,537.9,304.4,145.1,139.7,143.9,150.3,194.7,174.3,210.6,255.1,291.8,259.8,192.6,193.6,167.2,60.4,36.8,21.8,47.1,109.6,94.1,112,130.8,122,236.4,0,404.5,431.5,485.9,499,442.6,501.8,576.3,377.7,341.6,301.9,356.2,162.5,272.4,385.9,395.6,356.7,332.6,408,423.2,479.1,490.1,495,465.5,314.8,671.9,781.7,882.7,626.1,550.1,668.8,571.8,593.3,602.8,526.4,509.5,590,472,412.7,379.1,276.6,518.2,541.4,544.3,659.6,525.4,548.2,133.2,88.8,176.8,298.4,268,230.7,189.5,154.2
  宝塔区,311.6,306.6,301.9,310.8,298.4,306.4,274.6,315.6,313.9,332.4,371.5,340.4,279.4,206.4,200,226.9,163.4,463.9,465.3,442.3,486.2,463.7,420.4,408.2,626.4,529.5,434.9,719.8,494.7,311.1,308.3,262.1,277.1,360.9,333.9,373.3,440.6,454.4,390.1,321.6,380.7,339.9,345.8,371.9,424.8,381.2,403.7,380.8,425.3,262.4,278.7,357.2,404,0,71.2,80.8,93.9,37.3,95.6,170.8,39,77.7,109.2,140.2,230,141.3,568.6,577.5,538.5,514.5,589.7,605,661,671.9,676.9,647.3,493,266.5,384.6,471.7,221.3,145.3,264.1,165.3,197.6,333.2,223.8,104.3,196,654.7,595.4,561.9,458.5,700.9,724.1,727,841.6,706.7,811.1,412.4,464.1,456.1,515.7,468.2,423.6,382.3,316.8
  延长县,383.5,378.5,373.9,382.7,370.3,378.3,346.6,387.6,385.8,432,441.6,412.4,351.3,278.3,271.9,298.8,234.7,535.1,536.5,513.6,557.4,500.8,491.7,484.3,698.3,603.3,506.2,791.7,565.9,389.7,380.3,334.1,349.1,432.2,405.2,444.5,511.8,526.4,461.3,392.9,452,411.1,444.1,435.4,437.1,385.5,331.9,352.7,400.2,246.3,360.3,285.4,432.2,71.3,0,74,121.9,107,165.3,240.6,110.2,149,180.4,95.9,174.6,211.7,639.1,648.7,609.8,585.7,661.6,676.3,732.3,743.2,748.8,718.6,564.2,271.6,383.3,467.2,291,215.1,333.8,160.8,193,322.1,219.4,99.8,193.3,754.3,667.3,633.8,530.4,772.8,823.7,826.6,941.1,806.3,877.5,511.9,534,555.7,626.6,567.8,523.2,481.9,395.4
  延川县,393.1,388.1,383.4,392.3,379.9,387.9,356.1,397.1,395.4,413.9,451.8,421.9,360.9,287.9,281.5,308.4,244.9,545.4,546.8,523.8,567.7,511.1,520.6,489.7,707.9,612.8,516.4,801.3,576.1,399.3,389.8,343.6,358.6,442.4,415.4,454.8,522.1,535.9,472,403.5,446.7,421.4,427.3,453.4,506.3,538.8,485.2,462.3,553.5,383.2,340.6,438.7,485.5,80.8,74,0,73.1,116.6,175.8,250.1,119.8,159.2,190.6,150.9,311.5,221.9,649.3,658.9,620,596,671.2,686.6,742.5,753.4,758.4,728.8,574.5,198.7,308.5,394.3,268.6,224.6,343.4,87.9,120,249.2,146.4,26.7,116.8,736.2,676.9,643.3,540,782.4,805.6,808.5,923.1,788.2,892.5,493.8,545.4,537.6,597.2,549.7,505.1,463.8,404.9
  子长县,406.2,401.2,396.5,405.4,393,401,369.2,410.2,408.5,427.1,467.1,435.1,374,301,294.6,321.5,258,558.5,559.9,541.8,557.3,558.4,515,502.8,736.9,600.5,529.5,816.5,589.3,405.7,403,356.8,371.7,461.6,430.6,470,535.2,549,484.7,418.4,477.4,435.2,440.4,466.5,519.5,475.8,498.4,519.2,493.3,357,373.4,451.9,498.6,93.9,122,73.1,0,59.9,142.8,257.5,132.9,172.3,203.8,270.1,324.7,235,663.2,672,635.3,611.2,686.4,699.6,755.6,766.5,773.6,742,589.7,214,321.4,408.5,221.2,145.2,264,102.5,134.6,263.4,161,46.3,131.4,749.3,690,658.6,555.2,795.5,818.7,821.6,936.2,801.3,905.6,507,559.2,550.8,610.3,562.9,518.2,476.9,413.3
  安塞县,350,345,340.3,349.1,336.7,344.8,313,354,352.3,370.8,409.9,378.8,317.8,244.8,238.4,265.2,201.8,502.2,503.6,480.7,501.1,502.1,458.8,446.6,678.6,569.7,473.3,758.2,533,356.2,346.9,300.5,315.5,403.2,372.3,411.6,479.8,492.8,428.5,360,419.1,376.8,388.2,410.2,463.2,419.5,442.1,419.2,437.1,305.5,297.5,395.6,442.4,37.9,107.6,117.5,59.2,0,84.5,199.1,76.6,115.3,147.5,186.8,228.3,178.8,607,615.8,576.9,552.8,628.1,643.4,701.5,710.3,715.3,685.7,531.3,229.5,329.9,416.9,184.3,108.3,227,201.7,234,292.3,260.3,105.1,232.4,693.1,633.8,600.2,496.8,739.3,762.5,765.4,879.9,745.1,849.5,450.7,502.3,494.5,554,506.6,462,420.7,361.8
  志丹县,408,403,398.3,407.2,394.8,402.8,371.4,412,410.3,428.9,467.9,436.9,375.8,302.8,296.4,323.3,259.8,561.2,561.6,538.7,495.8,560.2,535.5,504.6,494.6,523.1,532,816.2,591,414.2,407.8,358.6,373.5,461.3,430.3,469.7,536.9,385,507.9,418.1,477.1,435.8,442.2,468.3,521.3,477.6,500.2,477.2,375.9,358.8,357.3,453.7,500.4,95.3,165.1,174.6,187.7,83.9,0,76.4,136.3,174.8,216.3,244.3,286.9,236.8,665.6,673.8,637,610.9,686.1,701.4,757.4,768.3,773.3,743.7,589.4,312.4,412.8,499.3,267.2,191.2,184.2,259.8,292.1,350.4,317.7,188.1,290.5,751.1,691.8,658.3,554.9,797.3,820.5,823.4,938,803.1,907.4,508.8,560.4,552.6,612.1,564.7,520,478.8,420.8
  吴起县,480.6,475.6,470.9,480.9,467.4,475.4,475.6,491.2,482.9,506.9,542.5,510.6,459.1,471,464.6,491.5,428,633.5,634.9,611.3,627.7,605.3,572.1,577.2,809.3,674,603.9,891,663.7,486.8,480.4,448.7,428.7,561.1,509.1,542.3,343.9,623.4,315.9,385.4,534.3,507.9,526.5,544.2,597.2,553.5,576.1,553.1,447.1,434.7,489.3,529.6,576.4,171,241.6,251.2,218.1,159.8,75.9,0,211.3,250,281.5,319.9,362.2,312.7,739.8,748.6,710.1,685.6,760.9,776.2,832.1,840.9,845.9,818.5,662.8,326.9,427.3,512.2,281.7,205.9,107.7,334.8,369.4,428.1,393.4,274.8,365.5,823.7,764.4,730.9,627.5,869.9,893.1,896,1010.6,875.7,985.8,589.1,636.3,629.2,688,643,592.6,551.3,493.4
  甘泉县,282.6,277.6,272.9,281.7,269.3,277.4,245.6,286.6,284.8,303.4,344.5,311.2,250.4,177.3,171,197.8,134.4,434.7,436.1,413.1,457,434.6,391.2,379,597.2,502.1,405.7,690.6,465.5,281.9,282.4,233.1,248.1,331.9,304.7,344.1,399.9,425.2,360.9,292.6,336.2,310.7,316.8,342.8,395.7,352.1,373.6,351.6,396.3,238.1,230.1,327.1,375,39.2,110.4,120,136.5,77.6,135.9,211.1,0,38.5,80.1,117.1,160.7,111.4,539.6,548.4,509.5,485.4,560.5,575.9,631.8,642.7,647.7,618.2,463.8,306.8,423.9,510.9,261.6,185.6,304.4,204.5,236.8,372.4,263.1,143.5,235.2,625.7,566.3,532.7,429.3,671.9,695.1,697.9,812.5,677.7,782.1,383.3,434.9,427.1,486.5,439.2,394.6,353.3,294.3
  富县,248.6,243.6,238.9,247.7,235.3,243.4,211.6,252.6,250.9,269.4,308.5,277.4,216.4,146.7,137,163.8,100.4,400.9,402.2,379.3,423.1,373.2,376.1,345.2,563.3,468.3,371.9,656.8,431.6,254.8,245.5,199.1,214.1,297.9,270.9,310.2,365.7,391.4,327.1,258.6,302.2,276.9,282.8,308.8,361.8,318.1,339.8,317.8,267.2,192.9,215.7,293.3,341,77.5,148.8,159.2,172.3,115.9,176.6,250.2,38.8,0,49.9,83.3,126.9,77.4,505.6,514.4,475.5,451.4,526.7,542,598,608.9,613.9,584.3,429.9,346,463,593.2,300.8,224.8,343.5,243.7,276,405.2,302.2,182.7,274.4,591.7,532.4,498.8,395.4,637.9,661.1,663.9,778.5,643.7,748,349.3,400.9,393.1,452.6,405.2,360.6,319.3,260.4
  洛川县,209.8,204.8,200.1,208.9,196.6,204.6,172.8,213.9,212.1,230.6,269.7,238.6,177.6,104.6,98.2,125,61.6,362.1,363.5,340.5,356.9,334.4,337.3,306.4,524.6,429.5,333.1,618,392.8,216,206.7,160.7,175.3,251.4,232.1,271.5,331.4,352.6,288.3,220.2,263.4,238.1,244,270,323.7,279.3,168.5,143.3,172.9,146.9,176.9,174.8,302.2,109.2,180.4,190.6,205.7,147.3,206.5,291.3,80.6,49.9,0,113.1,80.8,38.9,466,475.6,436.8,412.6,487.9,503.2,559.2,570.1,575.1,545.5,391.1,376,494.5,581.6,330.7,254.8,373.5,275.2,307.4,436.7,333.7,214.1,305.8,552.9,493.6,460,356.6,599.1,622.3,625.2,739.7,604.9,709.3,310.5,362.1,354.3,413.9,366.4,321.8,280.5,221.6
  宜川县,315.3,310.3,305.6,314.5,302.1,310.1,238.4,319.3,317.6,336.1,374,344.1,254.4,210.1,203.7,230.5,167.1,467.6,469,446,462.4,439.9,415.3,411.9,630.1,507.5,438.6,723.5,479.7,311.1,308.5,267.6,280.8,363,337.6,377,446.4,458.1,393.8,312.7,368.9,342.7,368.6,360.1,356.3,310.1,176.4,147.5,324.8,151.1,227.2,130.7,356.8,140.2,95.9,150.9,218,178.5,245.1,320.4,117.5,83.2,112.8,0,79.4,144.1,571.5,581.1,542.2,518.1,593.5,608.7,664.7,675.6,680.6,651,496.7,350.4,460.2,620.2,362.5,286.5,412.2,237.7,270,407.4,335.8,176.8,268.4,658.4,599.1,565.5,462.1,704.6,727.8,734.1,845.2,710.4,802.1,416,458.6,459.8,545.9,471.9,427.3,386,320.2
  黄龙县,223.1,218.1,212.8,204.6,212.9,218.2,160,186.8,225,220.3,282.7,252.8,176.1,140.6,138.3,162.2,148.7,376.3,377.7,354.7,371.1,342.6,324,320.6,524.1,409,347.3,632.2,388.4,229.6,223.8,182.5,197.5,275.9,256.6,295.9,353.1,433.4,325.4,244,277.6,251.4,155.4,165.3,261.2,115.3,94.9,69.5,100,72.8,148.9,94,162.1,189.9,174.6,308.7,321.8,228.1,287.3,362.5,161.3,127.1,80.9,79.4,0,118.8,480.2,489.8,450.9,426.9,502.2,517.4,573.4,584.3,589.3,559.7,405.4,494.1,613.9,703,448.8,335.5,454.3,393.3,425.5,506.2,414.5,332.2,423.9,565.5,506.1,472.6,370.9,611.6,634.9,640.1,772.8,619.5,723,324.3,300.2,368.1,427.6,380.2,326,284.8,235.3
  黄陵县,180.4,175.4,170.8,179.6,167.2,175.3,143.5,184.5,182.7,201.3,242.4,209.3,148.2,75.2,69.7,95.7,31.6,332.7,334.1,311.2,355,299.2,308,277,495.2,400.2,303.8,588.6,344.9,186.7,180.3,131,146,228.2,202.8,242.1,302.1,323.3,167.8,190.5,234.1,208.7,214.6,240.7,293.7,250,206.4,175.1,143.6,131.3,127.9,303.8,272.9,140.6,211.9,222.1,235.2,178.8,236.2,312.5,112,77.8,38.8,144.5,118.7,0,436.7,446.3,407.4,383.3,458.6,473.9,529.9,540.8,545.7,516.2,361.8,407.4,526,613,362.2,286.2,405,306.6,338.9,468.1,365.2,245.6,337.3,523.6,464.2,430.7,327.3,569.7,593,595.8,710.4,575.5,680,281.2,332.8,325,384.5,337.1,292.4,251.2,192.3
  汉台区,269.7,264.7,269.4,280.5,273.4,264.2,330.4,296.6,266.2,305.8,266.6,236.5,307,363.7,369.8,342.7,407.9,368,370,346.5,366.9,341.7,309.6,308.2,455,413.6,374.1,154.1,167.5,273.4,276.5,310.2,303.6,366.7,310.7,388.1,431.9,426.5,424.3,355,278,304.8,327.4,354,407,384.9,447.7,434,383.5,409.5,337.4,488.1,386.2,569.9,641.8,651.3,666.4,608,666.5,740.3,541.3,507.1,466.3,572.9,481.6,437,0,13.7,32.4,54.4,91.4,39.3,98.7,106.2,180.7,81.6,143.6,836.6,937.1,1024.1,791.5,715.5,834.3,735.9,768.2,897.2,794.4,674.8,766.6,251.3,194.2,159.9,151,315.9,320.7,323.6,440.4,303.2,408.2,385.7,407.8,429.5,489,446.2,375.9,334.6,283.4
  南郑县,279.1,274.1,278.8,289.9,282.8,273.6,339.8,306,275.6,315.2,276,245.9,316.4,373.1,379.2,352.1,417.3,377.1,378.5,355,375.4,350.2,318.2,316.8,463.5,422.2,382.7,166.8,180.2,282.8,285.9,319.6,313,375.3,320.1,396.7,440.4,435,432.9,364.4,287.4,314.2,336.8,363.4,416.4,394.3,457.1,443.4,392.9,418.9,346.8,497.5,395.6,578.5,650.4,659.9,675,616.6,675.1,748.8,549.9,515.6,475.7,582.3,491,446.4,13.9,0,47.2,71.3,102.4,52.5,98.7,119.8,191,94.4,153,845.2,945.6,1032.7,800,724.1,842.8,744.5,776.7,905.8,803,683.4,775.1,262.3,202.9,170.9,160.4,326.8,331.7,334.6,449.1,314.2,419.1,395.1,417.2,438.9,498.4,455.6,385.3,344,292.8
  城固县,240.4,235.4,240.2,250.4,244,235,301.2,267.4,240.8,276.6,237.1,207.3,277.7,334.5,340.6,313.4,378.7,337.9,339.3,319.6,336.8,306,279.6,278.2,424.6,383.5,340.5,184.4,197.8,244.2,245.2,280.9,274.4,294.5,281.4,358.1,401.8,438.5,394.3,325.8,248.4,275.5,298.2,324.8,377.8,355.6,418.4,404.8,354.3,380.3,308.2,458.9,356.9,539.8,611.1,621.3,636.3,578,640,710.2,511.2,477,437.1,543.7,452.4,407.7,32.4,47,0,24.1,62.2,69.7,131.9,136.5,149.4,112,114,806.6,907,994.1,761.4,685.4,804.2,705.8,738.1,867.2,764.4,644.8,736.5,222,162.7,130.7,121.7,268.2,291.4,294.3,408.9,274,378.9,356.5,378.6,400.3,459.8,417,346.7,305.4,254.1
  洋县,216.2,211.2,215.9,226.2,219.8,210.8,277,243.2,216.5,252.4,209.2,183.1,253.5,310.3,316.4,289.2,354.5,313.7,315.1,292.2,312.6,281.8,255.3,253.9,400.5,362.7,319.6,206.7,220.1,220,221,256.7,250.2,270.3,257.2,333.9,377.6,414.3,370,301.6,221,251.3,274,300.5,353.5,331.4,393.9,380.6,330,356,283.9,435,332.7,515.6,586.8,597.1,612.1,553.7,612.2,685.9,487,452.8,412.8,519.5,428.1,383.5,54.7,69.3,24.4,0,78.3,91.9,154.2,158.8,165.5,134.3,90,782.4,882.8,969.8,737.2,661.2,780,681.6,713.9,843,740.1,620.6,712.3,244.4,185.1,158.3,97.6,284.3,307.6,310.5,425,301.7,406.6,332.3,354.3,376,438.1,392.8,322.4,281.2,229.9
  西乡县,291.8,286.8,289.7,301.8,295.2,287.4,352.6,318.8,288.5,328,288.6,258.7,329.1,385.7,391.8,364.8,429.9,391.1,390.5,367.6,388,357.1,330.8,329.4,476.1,438.3,391.7,243.4,418.1,295.6,296.6,332.3,325.8,345.8,332.6,367.2,410.9,489.7,445.5,377,300,326.8,349.6,376.1,429.1,407,469.5,454,405.5,431.6,359.5,510.6,408.3,591.1,663,672.5,687.6,629.2,686.6,761.4,562.4,528.2,488.3,595.1,503.7,459,91.4,101.9,62.2,79.2,0,128.7,185.4,195.6,88.5,171,165.6,857.8,958.2,1045.3,812.6,736.6,855.4,757.1,789.3,918.4,815.6,696,787.7,160.2,100.8,68.8,139.9,206.3,229.6,232.5,347,212.1,317.1,407.8,429.9,451.6,511.2,490.1,349.6,308.3,305.5
  勉县,306.9,301.9,306.2,316.9,309.2,301.5,367.7,333.9,303.6,343.1,299.9,273.8,344.2,401,407.1,379.9,445.2,405,406.4,382.8,403.3,378.1,346,344.7,491.4,450,407,178.1,191.5,310.7,313.8,347.4,340.9,403.1,347.9,424.6,468.3,462.9,466.3,392.3,311.7,342,364.7,391.3,444.2,422.1,485,469.4,420.8,446.8,374.7,525.4,423.4,606.3,678.2,687.8,702.8,644.5,703,776.6,577.7,543.5,503.6,610.2,518.9,474.2,39.3,53.2,69.7,91.7,128.7,0,70.4,66.6,215.9,105.7,180.9,873.1,973.5,1059.9,827.9,751.9,870.7,772.3,804.6,933.7,830.9,711.3,803,288.5,229.2,197.2,188.3,353.1,357.9,360.8,475.4,340.5,445.4,423,445,466.8,526.3,483.5,413.2,371.9,320.1
  宁强县,362.6,357.6,361.9,372.6,365,357.2,423.4,389.6,359.2,398.8,355.7,329.5,400,456.7,462.8,435.7,500.9,461,462.1,438.6,462.5,433.8,401.8,403.9,546.4,507.1,462.7,257.7,260.5,366.4,367.4,403.2,396.6,458.9,403.6,480.3,524,518.6,522,448,367.4,397.8,420.4,447,500,477.8,540.6,525.1,476.5,502.5,430.4,581.1,479.2,662.1,734,743.5,758.6,700.2,758.7,832.4,633.4,599.2,559.3,665.9,574.6,530,108.3,99.5,132.9,154.9,186,71.3,0,134.4,273.2,174.7,236.6,928.8,1029.2,1115.7,883.6,807.6,926.4,828.1,860.3,989.4,886.6,767,858.7,345.8,286.5,254.5,244,410.4,415.3,418.1,532.7,397.8,502.7,478.7,500.8,522.5,582,539.2,468.9,427.6,376.3
  略阳县,373.1,368.1,373.1,384.7,376.2,368.5,434.6,400.9,370.6,410.1,367.3,343.6,411.2,467.9,474.1,446.9,512.2,641.1,476.9,453.4,473.8,445.1,416.6,415.2,724.2,684.1,523.6,245.1,297.2,377.7,386.3,414.4,411.1,470.1,452.1,491.5,535.3,571.9,533.2,459.3,382.2,404,431.7,458.2,511.2,489.1,551.9,536.4,487.7,513.7,441.6,592.4,490.4,673.3,745.2,754.7,769.8,711.4,769.9,843.6,644.7,610.5,570.5,677.2,585.8,541.2,106.3,120.6,136.6,158.6,195.7,66.8,134.4,0,282.8,172.7,247.8,940,1040.5,1126.9,913.3,837.3,937.7,839.3,871.6,1000.6,897.8,778.2,870,355.5,296.2,264.1,255.3,420.1,424.9,427.8,542.4,407.5,512.4,489.9,512,533.7,593.3,550.4,480.1,438.9,387.1
  镇巴县,378.8,373.8,376.8,388.8,382.3,374.5,439.6,405.8,379.2,415,375.8,345.7,416.1,472.9,479,451.9,517.1,476.3,477.7,458.4,478.7,447.9,421.5,420.1,559.7,521.9,478.9,330.6,344,382.6,383.6,419.4,412.8,432.9,419.8,454.4,498.1,576.9,529.8,461.4,383.6,413.9,436.6,463.2,516.2,494,556.5,541,492.6,518.6,446.6,597.6,495.3,678.2,750.1,759.7,774.7,716.4,775.6,845.7,649.6,615.4,575.5,682.1,590.7,546.2,178.6,189,149.4,166.4,87.5,215.9,272.6,282.7,0,258.2,252.8,945,1045.4,1132.5,899.8,823.8,942.6,844.2,876.5,1005.6,902.8,783.2,874.9,233.7,174.4,142.4,213.5,137.3,306,306,420.6,285.7,390.6,494.9,517,538.7,598.2,555.4,397.6,381.9,392.5
  留坝县,349.2,344.2,348.5,359.2,351.6,343.8,410,376.2,345.9,385.4,342.7,319,386.5,443.3,449.4,422.3,487.5,172.6,172.4,166.5,449.1,420.4,388.4,389,533.7,495.9,452.8,72.9,112.3,353,358.4,389.8,386.5,445.4,385.3,466.9,510.6,547.3,500.3,434.6,354,384.3,407,433.6,486.6,464.4,527.2,511.7,463.1,489.1,417,567.7,465.7,648.6,720.6,730.1,745.2,686.8,745.3,819,620,585.8,545.9,652.5,561.2,516.6,81.6,94.2,112,134,171,106.5,173.8,172.6,258.2,0,223.2,915.4,1015.8,1102.3,870.2,812.7,913,814.6,846.9,976,873.2,753.6,845.3,330.8,271.5,239.5,230.6,377,400.2,403.2,517.7,382.8,487.7,465.3,487.4,509.1,568.6,525.8,455.5,414.2,362.4
  佛坪县,197.3,192.3,195.9,207.3,199,191.9,256,224.3,197.6,238.3,122.9,152.9,232.5,289.3,295.4,268.3,333.5,227.2,228.6,205.7,226.1,199.2,168.9,167.5,310.6,268.4,222.6,295.2,234.8,183.2,188.2,228.7,213.4,225.9,207.7,247.4,291.1,327.8,347,277.8,134.5,164.8,255.1,281.6,334.6,312.5,373.2,359.6,309.1,335.1,263,413.7,313.8,494.7,565.9,576.1,591.2,532.8,590.2,662.2,466,431.8,391.9,498.5,407.2,362.6,143.2,152.8,114,89.9,165.1,180.4,237.8,247.3,252.3,222.8,0,761.4,861.8,948.9,716.2,640.2,759,660.6,692.9,822,719.2,599.6,691.3,325,265.6,233.6,123.7,371.1,394.4,397.3,511.8,376.9,481.8,313.8,335.9,357.6,417.2,374.3,304,262.8,181
  榆阳区,578.9,573.9,569.2,578.1,565.7,573.7,541.9,582.9,581.2,599.8,637.7,607.7,546.7,473.7,467.3,494.1,430.7,732.4,732.6,709.6,730,698.1,680.7,675.5,907.5,785.9,702.2,987.1,761.9,574.7,572.1,529.4,544.4,632.1,601.2,640.6,685,721.7,657.8,588.9,632.6,606.2,613.1,639.2,677.3,625.7,572.1,593,640.4,529.7,546.1,525.6,672.4,266.9,275.9,199.7,213.2,230.8,313.4,327.4,307.2,345.9,376.5,414.5,497.3,407.7,835.9,844.7,805.8,781.7,857,872.3,928.3,939.2,944.2,915.9,760.3,0,110.3,195.2,71.7,127.9,243,112.1,79,92,160.5,172.7,126.9,922,862.7,829.2,725.8,968.2,991.4,994.3,1108.9,974,1078.4,680.1,731.3,725.3,783.6,735.6,690.9,649.6,583.9
  神木县,680.7,675.7,671,680.8,667.5,675.5,643.7,684.7,683,701.6,739.5,709.6,648.5,576.8,569.1,596,550.4,831.7,833.7,810.1,831.1,792.4,779.8,776,1008,897.3,802.7,1087.6,862.4,676.5,674,631.3,646.2,733.9,703,741.1,785.5,822.2,757.9,690.8,733,708,714.9,785.8,787.5,735.9,682.3,703.2,750.6,671.3,657.4,635.8,782.6,386.3,386.1,308.8,323.4,331.2,413.9,427.9,425.3,464.7,496.2,538.3,617,527.4,936.4,945.2,906.3,882.2,958.8,972.8,1028.8,1039.7,1046,1015.1,862.1,110.7,0,84.9,172.2,228.4,343.5,222.3,189.2,217.7,270.7,281.8,237.1,1023.8,964.5,931,827.6,1070,1093.2,1096.1,1210.7,1075.8,1180.1,781.5,884.4,825.3,977,837.4,792.7,751.4,685.7
  府谷县,766,761,756.4,766.1,752.8,760.8,729,770.1,768.3,786.9,824.8,794.9,733.8,678.7,672.3,681.3,635.7,917.7,919.1,896.1,916.5,890.1,865.5,862,1095.9,985.1,888.7,1173.6,948.5,761.9,759.7,717.4,731.5,814.7,788.3,827.5,871.9,908.2,844.7,776.1,819.1,793.4,800.2,871.1,872.8,821.2,767.6,788.5,835.9,756.2,742.7,721.1,867.9,471,471.4,394.1,408.1,417.3,499.9,512.4,510.6,550,581.5,623.7,702.4,612.7,1022.4,1031.3,992.4,968.3,1044.1,1058.9,1114.8,1125.7,1131.3,1101.2,947.4,195.2,85,0,256.7,312.9,428,307.6,274.5,303,356,366.8,321.8,1109.1,1049.8,1016.3,912.9,1155.3,1178.5,1181.4,1296,1161.1,1265.4,866.8,969.7,910.6,1062.3,922.7,878,836.8,771
  横山县,533.5,528.5,523.8,532.7,520.3,528.3,496.5,537.6,535.8,554.4,609.1,562.4,501.3,429.2,421.9,448.8,385.3,699.5,700.9,664.2,684.6,652.7,625,643.8,862.2,726.9,656.8,941.7,716.6,529.3,526.8,484.1,499,586.8,555.8,595.2,663.4,676.3,635.4,543.6,600.8,561.3,567.7,593.8,646.8,603.1,625.7,646.5,620.6,484.3,481,579.2,626,221.4,291.2,309.6,222.1,185.4,268,282.1,261.8,300.5,331.1,369.1,452,362.3,790.5,799.4,760.5,736.4,811.6,827,882.9,893.8,898.8,869.3,714.9,70.3,170.7,255.6,0,80,197.6,141.8,108.7,162.4,190.2,240.1,156.6,876.6,817.3,783.8,680.4,922.8,946,948.9,1063.5,928.6,1033,634.3,685.9,678.1,737.6,690.2,645.5,604.3,539.4
  靖边县,458.6,453.6,448.9,457.8,445.4,453.4,421.6,462.6,460.9,479.4,534.2,487.4,426.4,354.3,347,373.9,310.4,624.5,626.5,603,623.4,577.8,563.8,568.8,787.2,656.8,581.9,885.3,641.6,457.9,455.3,409.1,424.1,511.8,480.9,520.3,588.5,601.4,537.1,468.6,525.9,486.4,492.8,518.9,571.8,528.1,550.7,571.6,477.3,409.4,406.1,504.2,551,146.5,216.3,225.8,147.4,110.7,193.1,206.1,186.9,225.6,256.1,294.2,336.9,287.4,715.6,724.4,685.5,661.5,736.7,752,808,818.9,823.9,794.3,640,127.8,228.2,313.1,80.9,0,121.7,152.9,170.6,219.8,200.9,193.1,124.8,801.7,742.4,708.8,605.5,847.9,871.1,874,988.6,853.7,958,559.4,610.9,603.1,662.7,615.2,570.6,529.3,464.5
  定边县,576.5,571.5,566.9,576.8,563.3,571.3,537.9,579.4,578.8,597.4,635.7,605.4,544.3,471.3,464.9,491.8,428.3,729.4,730.8,710.7,741.3,728.7,668,673.1,905.2,777.3,699.9,985.3,759.6,575.8,573.3,527.1,545.5,631.3,605,640.2,660.4,719.4,655,586.6,643.9,612.9,610.7,636.8,689.8,646.1,661.2,647.6,539.7,527.3,524,622.2,669,264.4,334.2,344.5,265.1,228.4,180.7,108.1,304.8,343.5,374.1,412.2,454.8,405.3,833.6,842.4,803.5,779.4,854.6,870,925.9,940.3,941.8,912.3,757.9,242.8,343.2,428.1,197.6,121.8,0,267.6,285.3,334.4,315.6,329.3,239.5,919.6,860.3,826.8,723.4,965.8,989,991.9,1106.5,971.6,1075.9,677.3,728.9,721.1,780.6,733.2,688.5,647.3,589.3
  绥德县,477.6,472.6,468,476.8,464.4,472.4,441,481.7,479.9,498.5,536.4,506.5,445.8,372.4,366,392.9,329.4,643.6,631.3,608.3,633.5,629.8,577.7,574.2,806.3,697.3,600.9,885.8,660.7,476.9,470.9,428.2,443.1,526.9,499.9,539.3,583.8,621.7,556.1,487.7,546.8,505.9,511.8,575.7,577.3,525.7,472.2,493,540.4,467.8,454.3,425.7,572.5,165.3,165.2,87.9,102.4,201.1,261,334.6,204.3,243.7,275.2,313.3,396.1,306.4,734.7,743.5,704.6,680.5,755.7,771.1,827,837.9,842.9,813.4,659,112.2,222,307.7,141.8,152.8,267.5,0,33.6,163.4,60.6,60.9,28.2,820.7,761.4,727.9,624.5,866.9,890.1,893.1,1007.6,872.7,977.1,578.4,674.3,622.2,766.9,634.3,589.6,548.4,482.6
  米脂县,509.9,504.9,500.2,509.1,496.7,504.7,472.9,513.9,512.2,530.7,568.7,538.7,478.1,404.7,398.3,425.2,361.7,662.2,663.6,640.6,661,634.6,610,620.2,838.5,729.6,634.5,918.1,693.8,509.2,503.2,460.4,475.4,559.2,532.2,571.6,616,652.7,588.4,519.9,563.6,538.2,544.1,597.1,598.8,547.2,493.6,514.5,561.9,500,486.6,447.1,593.9,197.6,197.4,120,134.7,233.4,337.4,370.1,236.6,276,307.5,345.5,428.3,338.7,766.9,775.7,736.8,712.8,788,803.3,859.3,870.2,875.2,845.7,691.3,79.1,187.6,274.7,108.7,171,285.7,33.6,0,59.2,82,93,48.4,853,793.7,760.2,656.8,899.2,922.4,925.3,1039.9,905,1009.4,610.7,695.7,654.4,788.3,666.5,621.9,580.6,514.9
  佳县,639.4,634.4,629.3,638.1,625.8,633.8,602,643,641.3,659.8,627,597.1,606.8,463.1,456.7,483.5,420.1,720.6,722,699,719.4,686.3,668.3,664.9,897.3,788,691.7,976.5,751.3,564.1,561.5,589.5,533.8,617.6,590.6,630,674.4,711.1,646.8,578.3,621.9,596.6,615.1,606.6,608.3,556.6,503.1,523.9,571.4,577.8,615.7,505.8,603.4,256,326.5,255.9,193.4,291.8,351.6,433.2,295.3,334.6,436.5,427.5,506.2,397.1,825.3,834.1,795.2,771.1,846.4,861.7,917.7,928.6,933.6,904,749.7,91.9,217.4,303.1,164,221.5,334.7,92.3,59.2,0,101.7,222.2,107.1,982.1,922.8,889.2,785.8,1028.3,1051.5,1054.4,1168.9,1034.1,1050,739.7,705.2,809.4,847,795.6,751,711.5,573.2
  吴堡县,536.2,531.2,526.5,535.3,522.9,531,499.2,540.2,538.4,557,594.9,565,504,430.9,424.6,451.4,388,688.4,689.8,666.9,683.2,654.1,636.2,632.8,864.8,722.9,659.5,944.4,719.2,532,529.4,486.7,501.7,585.5,558.5,597.8,642.3,679,614.7,546.2,589.8,563.5,523.6,515.1,516.7,465.1,411.6,432.4,479.8,526.4,512.9,365.1,511.9,223.9,219.3,146.4,161,259.7,317.9,393.2,262.9,302.3,333.7,335.8,414.5,365,792.4,802,763.1,739,814.3,829.6,885.5,896.5,901.5,871.9,717.5,161.7,270.5,356.3,230.6,201.3,316,60.6,82.1,101.7,0,119.4,78.7,879.3,820,786.4,683,925.5,948.7,951.5,1066.1,931.2,957.1,674.1,613.7,717.9,706.3,730,648.2,606.9,541.1
  清涧县,416.7,411.7,407,415.9,403.5,411.5,380.1,420.7,419,437.4,475.3,445.4,384.5,311.4,305.9,331.9,268.4,568.9,575.2,552.2,591.2,568.7,525.4,513.2,745.2,634.5,539.9,824.8,599.6,415.9,409.8,367.1,382.1,465.9,438.9,478.3,545.6,559.4,495.1,426.6,485.7,444.9,450.8,476.9,529.9,562.3,508.8,529.6,577,406.7,393.4,462.3,509.1,104.3,99.8,26.7,46.3,106,198.5,273.7,143.3,182.7,214.1,252.3,335,245.4,673.6,682.4,643.5,619.5,694.7,710,766,776.9,781.9,752.3,598,173.4,281.5,367.1,241.6,214.4,329.1,60.9,93,222.2,119.4,0,89.8,759.7,700.5,666.8,563.5,806,829.1,832,946.6,811.7,916.2,517.5,569,561.2,620.8,573.3,528.6,487.3,421.5
  子洲县,508.3,503.3,498.6,507.5,495.1,503.1,471.3,512.3,510.6,529.2,567.1,537.2,476.1,403.1,396.7,423.6,360.1,660.6,662,639,659.4,633,609,618.6,837,728,631.6,916.5,691.4,504.1,501.6,458.9,473.8,557.6,530.6,570,615.7,651.8,586.8,518.4,562,536.6,542.5,568.6,595.6,544,490.4,511.3,558.7,498.4,477.3,444,590.8,196,195.8,116.8,131.4,231.8,291.1,365.3,235,274.4,305.9,343.9,426.8,337.1,765.3,774.2,735.3,711.2,786.4,801.8,857.7,868.6,873.6,844.1,689.7,127.2,235.7,322.8,156.8,124.6,239.3,28.2,48.6,107.3,78.9,89.8,0,851.4,792.1,758.6,655.2,897.6,920.8,927.1,1038.3,903.4,1007.8,609.1,692.6,652.9,785.1,665,620.3,579.1,513.3
  汉滨区,352.6,347.6,352.3,364.3,356.3,348.4,415.4,381.3,343.3,403.2,413.1,349.2,394.8,449.7,455.8,428.7,493.9,548.5,549.9,527,514.8,481.7,455.2,488.8,599.4,557,508.9,402.8,556.1,370.2,371.2,396.2,397.2,420.5,402.3,442,485.7,522.4,506.6,438.2,417.3,391,412.1,438.6,491.6,469.5,532,516.5,468,494,423.8,573.1,470.8,655,754.8,736.5,749.6,693.2,750.6,822.5,626.4,592.2,552.3,658.9,566.1,523,250.8,261.2,221.6,243.5,159.7,288,344.8,354.9,233.3,330.4,325,921.8,1022.2,1109.3,876.6,800.6,919.4,821,853.3,982.4,879.6,760,851.7,0,59.8,94.1,165.1,102.8,71.4,72.7,188.7,56,161,493.4,533.5,537.2,459.4,267.1,167.9,333.5,380
  汉阴县,294.2,289.2,292.1,305.9,295.8,290,356.1,322.9,284.6,344.8,385.6,294.9,335.4,391.3,397.4,370.3,435.5,490.1,491.5,472.1,492.5,458.2,435.3,433.9,577.1,539.8,489,344.4,478,311.8,312.8,337.7,342,362.1,343.9,383.6,427.3,464,448.3,379.8,358.9,332.6,353.7,380.2,433.2,411.1,473.6,458.1,409.6,435.6,365.4,514.7,412.4,596.6,668.5,678.1,691.2,634.8,692.2,764.1,568,533.8,493.9,600.5,507.7,464.6,192.4,202.8,163.1,185.1,101.3,229.6,286.4,296.5,174.9,272,266.6,863.4,963.8,1050.9,818.2,742.2,861,762.6,794.9,924,821.2,701.7,793.3,60.2,0,35.3,106.7,106.3,129.6,132.5,247,112.1,217.1,411.9,434,455.7,515.6,472.4,224,275.1,322.6
  石泉县,260.1,255.1,258.1,271.9,263.6,256,322.1,288.8,250.5,298,353.2,309.7,300.5,357.3,363.4,336.2,401.5,457.7,459.1,436.1,456.5,425.8,402.9,401.5,544.7,504,456.6,312,434.9,277.8,278.8,303.7,308,328.1,309.9,349.5,393.3,429.9,414.2,345.8,365,298.6,319.6,346.2,399.2,377.1,439.5,424,375.6,401.6,330.9,480.7,378.4,562.6,634.5,644.1,657.2,600.8,659.9,730.1,534,499.8,459.9,566.5,473.7,430.5,160,170.4,130.7,152.7,68.9,197.2,254,264.1,142.4,239.5,234.1,829.4,929.8,1016.9,784.2,708.2,827,728.6,760.9,890,787.1,667.6,759.3,94.6,35.1,0,72.7,140.7,164,166.9,281.4,146.5,251.4,377.9,400,421.7,481.2,422.9,282.4,241.1,287.7
  宁陕县,159.5,154.5,157.5,169.5,163,155.1,220.3,186.5,159.9,195.7,152.6,129.3,196.9,253.6,259.7,232.6,297.8,258.2,259.6,235.5,255.9,225.2,198.7,197.3,340.4,298.4,252.4,302.9,264.6,163.3,164.3,200.1,193.5,213.6,200.5,235.1,278.8,315.5,310.6,242.1,164.3,194.7,217.3,243.9,296.9,274.7,337.2,321.7,273.3,299.3,227.3,378.3,276,458.9,530.9,540.4,553.5,497.1,556.3,626.5,430.3,396.1,356.2,462.8,371.4,326.9,150.9,160.6,121.7,97.6,139.9,188.2,244.1,255.1,213.4,230.5,124.7,725.7,826.1,913.2,680.5,604.5,723.3,624.9,657.2,786.3,683.5,563.9,655.6,165.5,106.2,72.7,0,211.7,234.9,237.8,352.4,217.5,322.4,278.2,297.7,319.4,378.9,350.8,210.2,169,173.2
  紫阳县,399.2,394.2,398.9,410.9,402.9,395,461.1,427.9,389.6,437.1,494.6,395.8,440.5,496.3,502.5,475.3,540.6,562.6,564,573.6,594,563.3,536.8,535.4,678.6,637.9,594.1,449.5,574,416.8,417.8,442.8,447,467.2,448.9,488.6,532.3,569,553.3,484.8,506,437.7,458.7,485.3,538.3,516.1,578.6,563.1,514.7,540.7,470.5,619.7,517.4,701.7,773.6,783.1,796.2,739.8,797.2,869.2,673.1,638.8,598.9,705.6,612.8,569.6,315.8,326.3,268.2,290.1,206.3,353.1,409.8,420,137.3,377,371.6,968.5,1068.8,1155.9,923.2,847.3,966.1,867.7,899.9,1029,926.2,806.6,898.3,103.2,106.4,140.7,211.7,0,172.6,175.5,290.1,155.1,260,517,539.1,560.8,558.5,577.5,266.9,380.2,426.7
  岚皋县,422.8,417.8,422.6,434.6,426.6,418.7,484.8,451.6,413.6,473.5,483.4,419.5,464.1,520,526.1,498.9,564.2,618.8,620.2,597.2,585.1,586.9,525.5,559,669.7,634.7,579.2,473.1,606.7,440.5,441.5,466.4,467.4,490.8,472.6,512.2,556,592.7,576.9,508.5,487.6,461.3,482.3,508.9,561.9,539.8,602.2,586.7,538.3,564.3,494.1,643.4,541.1,725.3,825.1,806.8,819.9,763.5,820.9,892.8,696.7,662.5,622.6,729.2,636.4,593.2,321.1,331.5,291.8,308.8,230,358.3,415.1,425.2,306.5,400.7,395.3,992.1,1092.5,1179.6,946.9,870.9,989.7,891.3,923.6,1052.7,949.9,830.3,922,71.7,130,164.3,235.4,173,0,144.2,118,126.6,231.5,563.7,603.8,607.4,530,337.4,238.2,403.8,450.3
  平利县,425.3,420.3,425,437,429,421.1,487.2,454,425.2,475.9,485.8,421.9,467.5,522.4,528.5,501.4,566.6,621.2,622.6,599.7,587.5,554.4,527.9,561.5,672.1,662.3,581.6,475.6,628.8,442.9,443.9,468.9,469.9,493.2,475,514.7,558.4,595.1,579.4,510.9,490.1,463.7,485.3,511.4,587.4,542.2,604.7,589.2,540.3,567.9,496.5,645.8,543.6,727.8,827.6,809.3,822.3,765.9,823.3,895.3,699.1,664.9,625,731.6,638.9,595.7,323.6,334,294.3,315.9,232.5,360.8,417.6,427.7,306,403.1,397.7,994.6,1096.3,1182,949.3,873.4,992.1,893.8,929.4,1055.1,952.3,832.8,927.8,72.7,132.5,166.8,237.9,175.5,143.8,0,110.9,120.1,176.2,566.1,606.2,591.7,455.2,339.9,231.9,406.2,452.7
  镇坪县,536,531,535.7,547.7,539.7,531.9,598,564.7,535.9,573.9,599.6,532.7,578.3,633.1,639.3,612.1,677.4,735,736.4,713.4,701.3,668.2,641.7,646.5,785.9,743.5,695.4,590.5,742.6,553.6,554.7,579.6,580.6,604,585.8,625.4,669.1,705.8,690.1,621.7,603.8,574.5,599.4,625.9,678.9,656.8,719.3,705.4,655.3,681.3,607.3,760.4,658.1,842.4,942.1,923.8,936.2,876.6,934.1,1006,809.9,779.5,739.6,846.2,772,706.4,437.3,447.7,408,425,346.2,474.5,533,541.4,420.4,516.9,511.5,1109.1,1210.9,1296.6,1060.1,984.1,1102.9,1008.3,1040.6,1169.7,1066.9,947.3,1039,183.4,246.2,280.6,351.6,289.2,117.6,110.9,0,239.5,348.2,680.7,720.8,706.3,560.6,483.7,351.4,517,563.5
  旬阳县,232.4,227.4,231,231.3,233.3,224.1,282.4,248.3,216.5,247.2,465.5,261.1,261.8,326.7,332.8,305.7,370.9,600.9,601.9,579.4,556.5,534.1,507.6,541.2,643,609.5,561.3,455.2,608.5,256.4,252.6,273.2,274.1,309,290.8,330.5,371.9,408.6,383.6,315.2,305.9,279.5,279.6,305.6,567.1,521.9,584.4,383.5,335,361,291.4,624.6,546.2,532,631.8,613.5,626.6,570.2,627.6,699.5,503.4,469.2,429.3,535.9,433.1,400,303.2,313.7,274,295.9,212.1,340.5,397.2,407.3,285.7,382.8,377.4,798.8,900.6,986.3,753.6,677.6,796.4,698,730.3,859.4,756.6,637,728.7,56.5,112.1,146.4,217.5,155.1,125.9,120,243.3,0,108.2,545.8,585.9,466.2,406.7,211.7,112.5,149.3,268.5
  白河县,509.9,504.9,509.6,508.3,513.6,505.8,555.6,519.7,506.6,479.6,570,506.5,533,606.3,612.4,585,650.5,673.3,674.7,651.8,661.4,639,612.5,617.3,747.9,703.6,660.2,560.1,684.7,527.5,528.5,551.1,554.5,577.8,559.6,599.3,643,679.7,664,595.5,574.7,548.4,551,577.1,533.4,607.9,670.4,654.9,606.5,632.5,562.6,667.7,609.3,811.7,879.6,893.1,906.2,849.8,909,982.6,783,748.8,708.9,802.6,723.2,679.6,408.1,418.6,378.9,400.8,317,445.4,502.1,512.3,390.6,487.7,482.3,679.9,1002.7,1265.9,1033.2,558.7,1076,977.6,1009.9,1049.2,957.7,916.7,1008.3,161.4,217,251.4,322.4,260,231.1,177.3,348.2,108.2,0,399,444,355.2,295.7,219.6,220.1,490.8,537.4
  商州区,129.1,124.1,121,109.8,122.7,124.3,157.1,121.2,132.1,81.2,199.6,162.6,134.5,207.8,213.9,186.4,252,299.2,299.6,276.7,282.7,263.9,234.5,242.6,369.9,328.6,280.7,537.7,317.4,151.6,148.1,152.5,158.7,203.1,184.9,219,263.5,300.2,268.2,199.8,199.6,172.6,115.9,139.5,153.3,209.4,271.9,256.4,208,234,164,312.5,134.1,413.1,512.9,494.6,507.7,451.3,510.5,587.6,384.5,350.3,310.4,417,324.6,281,385.7,395.3,356.4,332.4,407.7,422.9,478.9,489.8,494.8,465.2,314.6,731.7,781.6,867.4,634.7,610.5,677.5,579.1,611.4,740.5,673.5,518.1,609.8,474.1,412.4,378.9,276.4,517.9,541.1,567.5,682,523.7,398.9,0,44.9,44.1,103.6,62.4,162.6,148.3,160.5
  洛南县,151,146,142.9,131.6,144.6,146.1,176.9,143.1,152.1,102.7,221.5,184.5,156.3,229.6,235.8,208.3,303.8,320.2,279.2,299.4,304.6,282.1,256.4,264.4,391.8,350.4,302.5,559.6,333.1,173.5,170,174.4,180.6,225,206.8,240.9,285.3,322,291.6,221.6,222.3,194.4,121,94.9,108.7,105.2,247.5,235,183.6,203.8,190.4,288.1,89.5,464.9,534.4,546.4,559.4,503,562.2,636.7,436.3,402.1,362.1,459,300.5,332.8,407.5,417.2,378.3,354.2,429.6,444.8,500.7,511.7,516.7,487.1,336.5,723.1,884.5,970.3,686.5,601.9,729.3,674.6,696.1,705.6,614,571.8,692.8,535.1,434.3,400.8,298.2,539.8,583.4,607.4,718.1,587.1,444.1,44.7,0,88.3,148.8,104.1,252.3,211.1,182.4
  丹凤县,172.3,167.3,164.2,153,165.9,167.5,200.3,164.4,175,124.4,242.8,205.8,177.7,251,257.1,229.6,295.2,341.5,343.7,319.9,325.9,307.1,278.5,285.8,416.1,374.7,323.9,582.9,356.6,194.8,192.5,195.7,201.9,246.3,228.1,262.2,306.7,343.4,311.4,243,242.8,216.3,195.2,221.8,196.3,252.6,315.1,299.6,251.2,277.2,207.2,355.7,177.1,456.3,556.1,537.8,550.9,494.5,551.9,628.9,427.7,393.5,353.6,460.2,367.8,324.2,428.9,438.5,399.6,375.6,450.9,466.1,522.1,533,538,508.4,357.8,783,824.8,910.6,677.9,661.8,720.7,622.3,654.6,808.2,716.7,561.3,653,514.9,457.1,422.1,319.5,584.5,584.3,591.8,706.4,466.3,355.2,43.7,87.9,0,60,105.5,273.7,232.4,203.7
  商南县,232.2,227.2,224,212.8,225.8,227.3,260.1,224.3,234.9,184.2,302.6,265.7,237.5,310.8,317,289.5,355.1,401.3,402.7,379.7,385.7,367.8,337.6,345.6,475.9,434.6,383.7,640.7,420.5,254.6,251.2,255.6,261.7,306.2,287.9,322.1,366.5,403.2,372.8,304.3,302.7,275.8,255.5,281.6,282.4,336.2,374.9,359.4,311,337,267.1,416.6,295.7,516.2,626.9,597.6,610.7,554.3,613.5,688,487.6,453.3,413.4,553.2,427.7,384.1,488.7,498.4,459.5,435.4,510.8,526,581.9,592.8,597.8,568.3,417.6,736.6,977.2,1062.9,737.7,614.3,780.5,767.2,788.7,798.1,706.6,621.1,785.4,459.7,515.4,481.9,379.4,558.3,529.1,532,560.4,406.5,295.4,103.5,148.5,59.7,0,165.4,333.5,292.3,263.5
  山阳县,184.7,179.7,178.4,165.4,183.8,179.9,217.8,176.8,185.9,136.9,255.2,218.2,190.1,263.4,269.5,247.2,307.6,353.8,355.2,332.3,342,319.5,293.1,298.2,428.5,387.1,336.3,593.3,369,207.2,204.9,208.1,214.3,258.2,240,274.6,319.1,355.8,323.8,255.4,255.2,228.4,208.1,234.2,287.2,265,327.5,312,263.6,289.6,224.7,368.1,266.3,468.7,568.5,550.2,563.3,506.9,564.3,639.7,440.1,405.9,366,472.6,380.2,336.6,446.4,456,417.1,393.1,489.7,483.6,539.6,550.5,555.5,525.9,375.3,690.8,837.2,923,690.3,569.6,733.1,634.7,667,796.1,729.1,573.7,665.4,555.9,473.1,422.5,350.3,366.2,625.3,369.1,483.6,243.6,224.3,62.4,104,105.9,165.5,0,147.2,181.8,216.4
  镇安县,124.4,119.4,122.3,123.2,124.5,116,174.3,140.2,108.4,139.1,205.2,140.4,153.7,218.6,224.8,197.6,262.9,296.4,297.8,274.9,284.6,262.1,235.7,240.4,371.1,326.7,289.4,528.1,307.8,150.6,144.5,165.1,166.1,201,180.5,222.4,263.8,300.5,275.6,207.1,197.8,170.3,171,197.6,250.6,228.4,290.9,275.4,227,253,183.3,331.5,229.7,424,523.8,505.4,518.5,462.1,519.5,591.5,395.4,361.1,321.2,427.9,325.1,291.9,376.1,385.7,346.8,303.7,324,394.3,469.3,461.2,397.6,436.6,284.5,649.6,791.1,878.2,645.5,528.4,688.3,590,622.2,751.3,648.5,528.9,620.6,168.4,224,282,209.8,266.9,237.8,231.9,355.2,112.5,221.4,162.7,206.3,273.1,265.8,147.2,0,41.3,160.5
  柞水县,81.8,76.8,80.9,82,83.2,74.8,133.1,99,67.2,97.9,143.5,99.2,112.5,177.4,183.6,156.4,221.7,247.6,249,228,238.1,215.7,189.2,187.8,324.6,285.2,242.1,467.9,255.2,106.5,102.3,123.9,124,159.8,141.6,181.2,221.8,259.3,234.4,165.9,154.8,125.3,130.3,156.4,209.4,187.2,250.3,234.2,186.5,211.8,142.9,290.3,188.5,382.8,482.6,463.8,477.3,420.9,478.3,550.3,354.2,319.9,280,386.7,283.9,250.7,336.4,344.5,305.6,281.5,307.9,372.1,428.1,440.5,381.5,395.4,263.8,649.6,749.9,837,604.3,529.3,647.1,548.8,581,710.1,607.3,487.7,579.4,205.1,274.3,240.7,168.6,303.7,274.5,268.6,391.9,149.2,258.1,148.3,210.2,190.6,251.4,181.8,41.3,0,116.4
  杨陵区,42.2,37.2,33.9,45.3,34.2,38.1,81.1,65.1,46.4,74.3,53.5,51.6,62.5,109.1,115.3,88.1,163.4,144,144.7,122.3,125.4,102.9,76.5,88.1,211.9,170.5,132.8,467,159.9,9.8,14.1,51.8,37,50.4,32.2,71.2,115.8,152.1,157.2,79,46.3,15.3,95.4,122.3,174.9,152.8,202.3,189.3,131.6,163.9,85.3,242.7,154.2,316.8,395.4,404.9,413.3,361.8,420.8,493.4,294.3,260.4,221.6,320.2,235.3,192.3,283.4,292.8,254.1,229.9,305.5,320.1,376.3,387.1,392.5,362.4,181,583.9,685.7,771,539.4,464.5,589.3,482.6,514.9,573.2,541.1,421.5,513.3,380,322.6,287.7,173.2,426.7,450.3,452.7,563.5,268.5,537.4,160.5,182.4,203.7,263.5,216.4,160.5,116.4,0
